pretty-gorge-49,ethereal-blaze-37,visionary-jazz-36,cool-surf-35,jumping-terrain-34,dutiful-thunder-31,easy-donkey-30,glowing-energy-29,generous-donkey-28,firm-snowflake-23
2.0,8.0,5.0,5.0,5.0,2.0,0.0,0.0,0.0,0.0
6.0,5.0,0.0,2.0,0.0,2.0,4.0,0.0,0.0,5.0
0.0,1.0,16.0,0.0,8.0,0.0,5.0,15.0,0.0,7.0
0.0,0.0,0.0,3.0,2.0,7.0,0.0,13.0,0.0,5.0
0.0,2.0,0.0,1.0,7.0,2.0,4.0,7.0,0.0,3.0
4.0,2.0,5.0,15.0,16.0,0.0,0.0,5.0,0.0,9.0
7.0,1.0,0.0,0.0,2.0,1.0,8.0,1.0,4.0,12.0
2.0,0.0,2.0,4.0,0.0,0.0,0.0,0.0,3.0,0.0
0.0,3.0,0.0,0.0,0.0,3.0,0.0,0.0,4.0,11.0
5.0,1.0,4.0,0.0,0.0,0.0,0.0,0.0,0.0,7.0
4.0,3.0,0.0,0.0,0.0,11.0,4.0,3.0,0.0,11.0
4.0,6.0,3.0,4.0,0.0,8.0,11.0,8.0,4.0,15.0
2.0,14.0,8.0,4.0,12.0,8.0,1.0,1.0,1.0,5.0
12.0,2.0,1.0,0.0,10.0,8.0,0.0,0.0,0.0,0.0
15.0,0.0,2.0,0.0,14.0,6.0,8.0,11.0,0.0,2.0
5.0,0.0,7.0,0.0,10.0,7.0,9.0,0.0,4.0,4.0
0.0,0.0,0.0,4.0,11.0,0.0,0.0,0.0,0.0,10.0
0.0,2.0,7.0,2.0,6.0,0.0,3.0,3.0,7.0,5.0
0.0,4.0,8.0,14.0,15.0,11.0,16.0,11.0,8.0,9.0
4.0,3.0,1.0,15.0,9.0,4.0,4.0,5.0,0.0,2.0
3.0,6.0,5.0,9.0,13.0,0.0,5.0,0.0,5.0,10.0
6.0,3.0,7.0,8.0,2.0,2.0,0.0,8.0,17.0,17.0
1.0,0.0,0.0,12.0,5.0,18.0,4.0,11.0,10.0,2.0
12.0,25.0,19.0,5.0,6.0,3.0,11.0,11.0,17.0,0.0
7.0,1.0,5.0,0.0,8.0,13.0,3.0,4.0,0.0,8.0
16.0,13.0,9.0,4.0,30.0,2.0,7.0,3.0,10.0,8.0
6.0,18.0,7.0,20.0,14.0,10.0,16.0,17.0,18.0,9.0
22.0,10.0,11.0,2.0,5.0,23.0,10.0,19.0,10.0,19.0
5.0,8.0,18.0,3.0,0.0,0.0,14.0,20.0,9.0,8.0
12.0,8.0,2.0,17.0,18.0,22.0,22.0,15.0,0.0,16.0
6.0,16.0,0.0,13.0,10.0,2.0,20.0,2.0,10.0,0.0
11.0,19.0,0.0,25.0,12.0,12.0,17.0,11.0,19.0,25.0
0.0,12.0,16.0,13.0,18.0,8.0,11.0,15.0,3.0,6.0
13.0,1.0,0.0,12.0,6.0,2.0,10.0,19.0,23.0,26.0
4.0,24.0,24.0,16.0,10.0,11.0,10.0,10.0,13.0,8.0
19.0,13.0,31.0,13.0,5.0,8.0,16.0,12.0,15.0,6.0
18.0,29.0,21.0,0.0,6.0,18.0,9.0,14.0,19.0,6.0
15.0,20.0,10.0,24.0,1.0,13.0,27.0,32.0,19.0,19.0
30.0,45.0,16.0,6.0,22.0,7.0,5.0,3.0,10.0,21.0
14.0,8.0,9.0,8.0,30.0,15.0,14.0,1.0,12.0,14.0
22.0,9.0,12.0,19.0,20.0,24.0,23.0,14.0,6.0,7.0
22.0,6.0,1.0,1.0,24.0,20.0,18.0,38.0,18.0,21.0
6.0,11.0,16.0,20.0,9.0,7.0,22.0,1.0,9.0,3.0
13.0,28.0,28.0,24.0,12.0,15.0,17.0,9.0,26.0,19.0
4.0,5.0,23.0,4.0,4.0,26.0,21.0,29.0,29.0,20.0
13.0,22.0,24.0,22.0,12.0,15.0,18.0,14.0,29.0,16.0
16.0,22.0,26.0,10.0,18.0,14.0,26.0,18.0,5.0,12.0
13.0,13.0,12.0,14.0,3.0,5.0,23.0,25.0,2.0,13.0
5.0,11.0,12.0,8.0,40.0,8.0,25.0,25.0,17.0,11.0
0.0,10.0,13.0,29.0,9.0,0.0,21.0,29.0,24.0,16.0
16.0,39.0,17.0,15.0,16.0,33.0,11.0,14.0,18.0,18.0
26.0,47.0,10.0,21.0,17.0,21.0,20.0,22.0,33.0,9.0
7.0,21.0,18.0,16.0,36.0,14.0,20.0,25.0,19.0,16.0
41.0,18.0,22.0,15.0,9.0,14.0,46.0,22.0,30.0,24.0
26.0,34.0,14.0,13.0,23.0,23.0,8.0,28.0,20.0,15.0
19.0,37.0,29.0,40.0,15.0,28.0,19.0,45.0,35.0,18.0
12.0,20.0,31.0,14.0,13.0,27.0,10.0,45.0,18.0,15.0
21.0,22.0,18.0,22.0,10.0,11.0,27.0,31.0,25.0,19.0
19.0,24.0,4.0,28.0,14.0,15.0,30.0,12.0,34.0,12.0
16.0,21.0,32.0,10.0,31.0,32.0,13.0,33.0,24.0,23.0
16.0,35.0,38.0,40.0,29.0,20.0,36.0,24.0,41.0,15.0
26.0,31.0,36.0,21.0,24.0,36.0,18.0,14.0,31.0,22.0
13.0,18.0,26.0,13.0,24.0,28.0,6.0,29.0,26.0,32.0
32.0,55.0,12.0,18.0,32.0,25.0,9.0,18.0,22.0,31.0
26.0,15.0,11.0,24.0,15.0,32.0,19.0,43.0,14.0,32.0
24.0,26.0,27.0,27.0,20.0,28.0,42.0,28.0,20.0,47.0
23.0,19.0,38.0,30.0,30.0,34.0,24.0,34.0,26.0,28.0
23.0,43.0,27.0,40.0,20.0,25.0,46.0,30.0,34.0,26.0
33.0,37.0,14.0,28.0,34.0,38.0,20.0,42.0,13.0,13.0
39.0,24.0,45.0,38.0,31.0,47.0,35.0,35.0,26.0,45.0
39.0,25.0,42.0,33.0,17.0,33.0,37.0,56.0,19.0,30.0
39.0,41.0,5.0,19.0,37.0,22.0,42.0,50.0,51.0,21.0
40.0,34.0,31.0,20.0,40.0,33.0,26.0,32.0,38.0,17.0
23.0,9.0,19.0,23.0,27.0,37.0,36.0,28.0,23.0,27.0
35.0,25.0,39.0,46.0,15.0,27.0,25.0,40.0,40.0,21.0
31.0,53.0,36.0,37.0,53.0,29.0,14.0,26.0,14.0,30.0
35.0,54.0,42.0,23.0,49.0,41.0,31.0,38.0,32.0,40.0
23.0,40.0,26.0,40.0,43.0,25.0,30.0,19.0,25.0,34.0
23.0,25.0,35.0,34.0,27.0,44.0,38.0,20.0,38.0,51.0
29.0,45.0,45.0,23.0,39.0,44.0,45.0,44.0,31.0,29.0
7.0,28.0,24.0,24.0,53.0,34.0,43.0,40.0,26.0,24.0
35.0,29.0,30.0,21.0,40.0,22.0,34.0,16.0,45.0,30.0
46.0,44.0,42.0,32.0,47.0,39.0,31.0,48.0,32.0,35.0
38.0,30.0,43.0,46.0,46.0,32.0,40.0,25.0,41.0,60.0
25.0,31.0,11.0,40.0,46.0,32.0,49.0,24.0,35.0,31.0
56.0,44.0,23.0,47.0,53.0,48.0,20.0,41.0,47.0,33.0
34.0,51.0,34.0,52.0,34.0,29.0,25.0,51.0,36.0,41.0
38.0,55.0,31.0,45.0,35.0,33.0,35.0,52.0,25.0,31.0
5.0,50.0,26.0,44.0,22.0,16.0,31.0,54.0,44.0,20.0
33.0,36.0,28.0,46.0,45.0,37.0,28.0,44.0,45.0,23.0
38.0,44.0,41.0,21.0,27.0,35.0,29.0,35.0,37.0,25.0
55.0,40.0,53.0,48.0,47.0,47.0,32.0,46.0,42.0,45.0
39.0,55.0,44.0,45.0,61.0,38.0,36.0,20.0,63.0,31.0
29.0,34.0,45.0,28.0,40.0,55.0,35.0,55.0,52.0,25.0
26.0,46.0,24.0,38.0,36.0,23.0,38.0,31.0,40.0,46.0
27.0,36.0,27.0,38.0,58.0,43.0,66.0,37.0,52.0,43.0
53.0,46.0,42.0,40.0,46.0,33.0,48.0,44.0,28.0,54.0
50.0,58.0,56.0,64.0,44.0,49.0,34.0,45.0,43.0,49.0
39.0,26.0,24.0,57.0,49.0,40.0,43.0,40.0,49.0,38.0
58.0,60.0,33.0,58.0,63.0,39.0,33.0,42.0,57.0,33.0
28.0,37.0,34.0,45.0,35.0,48.0,41.0,45.0,39.0,30.0
62.0,53.0,43.0,38.0,38.0,40.0,47.0,40.0,39.0,30.0
36.0,32.0,40.0,41.0,48.0,52.0,36.0,38.0,35.0,39.0
43.0,62.0,54.0,53.0,32.0,32.0,60.0,40.0,31.0,58.0
42.0,48.0,60.0,65.0,45.0,41.0,72.0,48.0,42.0,50.0
47.0,64.0,54.0,41.0,42.0,37.0,62.0,61.0,43.0,44.0
59.0,50.0,62.0,49.0,67.0,59.0,58.0,45.0,50.0,58.0
26.0,42.0,51.0,56.0,40.0,36.0,56.0,51.0,41.0,52.0
60.0,47.0,42.0,43.0,52.0,29.0,60.0,53.0,45.0,41.0
34.0,48.0,63.0,49.0,42.0,43.0,39.0,48.0,40.0,42.0
62.0,65.0,31.0,47.0,55.0,43.0,55.0,54.0,43.0,40.0
60.0,54.0,48.0,69.0,54.0,54.0,49.0,51.0,58.0,57.0
50.0,47.0,67.0,39.0,54.0,47.0,70.0,59.0,53.0,47.0
59.0,60.0,62.0,72.0,73.0,68.0,65.0,52.0,52.0,54.0
60.0,52.0,53.0,47.0,42.0,46.0,47.0,54.0,48.0,38.0
39.0,59.0,53.0,47.0,59.0,47.0,49.0,58.0,45.0,43.0
56.0,52.0,62.0,60.0,53.0,61.0,58.0,62.0,59.0,55.0
37.0,45.0,43.0,40.0,41.0,44.0,42.0,39.0,48.0,49.0
43.0,54.0,52.0,47.0,55.0,56.0,61.0,51.0,50.0,47.0
56.0,65.0,53.0,59.0,48.0,50.0,49.0,49.0,54.0,54.0
60.0,66.0,64.0,51.0,35.0,55.0,58.0,63.0,63.0,59.0
49.0,62.0,46.0,64.0,51.0,50.0,47.0,45.0,52.0,40.0
62.0,42.0,56.0,59.0,62.0,46.0,57.0,61.0,62.0,46.0
43.0,44.0,54.0,71.0,58.0,46.0,58.0,35.0,55.0,50.0
49.0,61.0,55.0,54.0,54.0,54.0,49.0,54.0,69.0,60.0
71.0,56.0,68.0,58.0,61.0,57.0,70.0,39.0,55.0,58.0
76.0,54.0,67.0,62.0,58.0,56.0,65.0,61.0,57.0,63.0
62.0,54.0,50.0,50.0,64.0,45.0,64.0,59.0,58.0,62.0
71.0,68.0,63.0,51.0,63.0,56.0,69.0,64.0,47.0,54.0
58.0,69.0,70.0,69.0,51.0,61.0,60.0,60.0,63.0,61.0
69.0,62.0,55.0,68.0,54.0,44.0,57.0,51.0,56.0,55.0
67.0,65.0,75.0,61.0,58.0,57.0,41.0,78.0,53.0,64.0
61.0,69.0,56.0,67.0,38.0,53.0,54.0,70.0,59.0,64.0
56.0,73.0,53.0,68.0,62.0,53.0,54.0,65.0,62.0,63.0
49.0,54.0,68.0,51.0,63.0,53.0,66.0,65.0,67.0,67.0
67.0,58.0,55.0,62.0,73.0,55.0,63.0,40.0,68.0,55.0
69.0,71.0,64.0,47.0,69.0,62.0,72.0,59.0,53.0,53.0
54.0,50.0,60.0,52.0,65.0,64.0,60.0,54.0,66.0,66.0
77.0,58.0,62.0,55.0,67.0,56.0,66.0,58.0,66.0,55.0
62.0,72.0,80.0,63.0,73.0,71.0,70.0,67.0,66.0,66.0
71.0,85.0,67.0,73.0,63.0,60.0,67.0,61.0,59.0,55.0
69.0,65.0,58.0,69.0,54.0,65.0,72.0,67.0,61.0,65.0
61.0,54.0,65.0,56.0,50.0,56.0,57.0,68.0,75.0,54.0
69.0,80.0,77.0,62.0,69.0,67.0,69.0,58.0,69.0,74.0
75.0,70.0,64.0,77.0,68.0,58.0,68.0,55.0,49.0,63.0
75.0,69.0,70.0,69.0,69.0,64.0,72.0,70.0,73.0,48.0
69.0,64.0,68.0,59.0,68.0,74.0,73.0,78.0,70.0,67.0
71.0,73.0,64.0,74.0,52.0,64.0,67.0,65.0,71.0,56.0
79.0,61.0,71.0,75.0,64.0,69.0,64.0,65.0,66.0,64.0
71.0,83.0,58.0,68.0,65.0,55.0,67.0,74.0,78.0,64.0
62.0,78.0,63.0,54.0,72.0,66.0,73.0,71.0,71.0,59.0
76.0,61.0,72.0,65.0,60.0,57.0,68.0,66.0,58.0,70.0
87.0,72.0,80.0,54.0,65.0,63.0,71.0,61.0,62.0,52.0
69.0,70.0,73.0,72.0,60.0,70.0,66.0,67.0,72.0,75.0
74.0,79.0,66.0,64.0,70.0,63.0,81.0,72.0,73.0,71.0
78.0,76.0,82.0,73.0,75.0,69.0,61.0,68.0,55.0,64.0
67.0,70.0,55.0,68.0,72.0,63.0,66.0,63.0,66.0,65.0
71.0,82.0,74.0,65.0,62.0,66.0,71.0,71.0,66.0,66.0
77.0,84.0,56.0,75.0,72.0,55.0,82.0,65.0,69.0,61.0
67.0,73.0,70.0,73.0,64.0,60.0,72.0,74.0,64.0,61.0
76.0,78.0,57.0,61.0,69.0,55.0,77.0,59.0,75.0,71.0
75.0,60.0,77.0,74.0,66.0,67.0,77.0,74.0,63.0,66.0
74.0,75.0,67.0,70.0,62.0,69.0,74.0,69.0,59.0,61.0
78.0,70.0,64.0,78.0,77.0,66.0,62.0,77.0,73.0,65.0
74.0,72.0,68.0,71.0,74.0,69.0,68.0,75.0,74.0,71.0
81.0,82.0,65.0,71.0,70.0,62.0,79.0,75.0,70.0,66.0
74.0,76.0,69.0,74.0,65.0,60.0,71.0,80.0,64.0,71.0
73.0,69.0,66.0,72.0,76.0,68.0,68.0,69.0,77.0,73.0
76.0,81.0,79.0,67.0,66.0,67.0,72.0,72.0,72.0,62.0
81.0,87.0,56.0,73.0,72.0,65.0,74.0,73.0,74.0,71.0
74.0,76.0,70.0,77.0,71.0,57.0,75.0,70.0,64.0,71.0
73.0,78.0,76.0,74.0,67.0,57.0,75.0,82.0,65.0,74.0
79.0,74.0,86.0,76.0,67.0,68.0,76.0,68.0,73.0,67.0
87.0,84.0,82.0,66.0,76.0,59.0,78.0,78.0,73.0,67.0
80.0,87.0,79.0,74.0,71.0,68.0,81.0,77.0,71.0,68.0
75.0,82.0,70.0,76.0,71.0,64.0,73.0,72.0,75.0,66.0
75.0,79.0,73.0,41.0,62.0,72.0,78.0,80.0,72.0,69.0
79.0,80.0,61.0,72.0,68.0,62.0,75.0,74.0,81.0,72.0
62.0,81.0,75.0,78.0,69.0,61.0,76.0,75.0,79.0,71.0
83.0,87.0,72.0,39.0,79.0,73.0,79.0,74.0,79.0,63.0
80.0,85.0,85.0,71.0,75.0,70.0,84.0,74.0,78.0,77.0
86.0,87.0,72.0,71.0,76.0,71.0,75.0,73.0,78.0,71.0
79.0,81.0,63.0,84.0,71.0,63.0,78.0,71.0,76.0,71.0
78.0,86.0,71.0,61.0,58.0,67.0,78.0,73.0,73.0,76.0
82.0,83.0,79.0,59.0,80.0,67.0,80.0,77.0,79.0,78.0
79.0,77.0,78.0,72.0,76.0,65.0,78.0,75.0,81.0,73.0
79.0,84.0,83.0,69.0,76.0,68.0,81.0,77.0,86.0,66.0
89.0,78.0,78.0,76.0,72.0,75.0,82.0,79.0,79.0,73.0
76.0,84.0,76.0,73.0,77.0,69.0,72.0,79.0,79.0,73.0
85.0,85.0,82.0,76.0,70.0,67.0,78.0,87.0,83.0,72.0
79.0,84.0,80.0,79.0,77.0,70.0,80.0,80.0,81.0,77.0
87.0,91.0,86.0,55.0,72.0,67.0,75.0,71.0,75.0,77.0
81.0,86.0,77.0,80.0,76.0,64.0,68.0,75.0,81.0,78.0
74.0,83.0,76.0,70.0,75.0,70.0,66.0,77.0,81.0,71.0
84.0,88.0,82.0,79.0,79.0,66.0,74.0,78.0,80.0,71.0
89.0,88.0,80.0,68.0,78.0,73.0,80.0,79.0,86.0,73.0
84.0,88.0,84.0,80.0,77.0,70.0,78.0,79.0,78.0,78.0
83.0,83.0,84.0,80.0,76.0,66.0,83.0,81.0,81.0,82.0
85.0,89.0,77.0,79.0,76.0,73.0,81.0,81.0,85.0,79.0
88.0,88.0,85.0,75.0,71.0,73.0,86.0,80.0,76.0,79.0
85.0,89.0,75.0,70.0,79.0,68.0,78.0,79.0,78.0,81.0
82.0,86.0,72.0,80.0,74.0,71.0,82.0,80.0,86.0,66.0
87.0,86.0,77.0,72.0,72.0,72.0,84.0,82.0,80.0,71.0
91.0,88.0,83.0,76.0,78.0,73.0,85.0,86.0,84.0,80.0
86.0,91.0,79.0,74.0,81.0,79.0,84.0,82.0,75.0,72.0
85.0,87.0,80.0,87.0,80.0,70.0,81.0,83.0,71.0,79.0
81.0,88.0,81.0,75.0,83.0,67.0,74.0,81.0,81.0,76.0
87.0,87.0,80.0,80.0,70.0,67.0,81.0,82.0,74.0,79.0
83.0,88.0,82.0,64.0,81.0,67.0,72.0,79.0,74.0,76.0
95.0,89.0,75.0,63.0,83.0,74.0,78.0,72.0,75.0,71.0
88.0,84.0,82.0,72.0,75.0,71.0,81.0,87.0,75.0,74.0
86.0,88.0,76.0,71.0,80.0,66.0,89.0,80.0,66.0,74.0
90.0,91.0,78.0,79.0,83.0,72.0,84.0,82.0,75.0,78.0
84.0,88.0,81.0,67.0,73.0,76.0,79.0,80.0,71.0,78.0
91.0,88.0,83.0,67.0,80.0,65.0,78.0,84.0,69.0,77.0
89.0,84.0,81.0,76.0,73.0,75.0,80.0,71.0,71.0,75.0
87.0,89.0,86.0,67.0,75.0,70.0,85.0,84.0,68.0,72.0
87.0,87.0,78.0,75.0,83.0,67.0,82.0,82.0,76.0,76.0
91.0,90.0,81.0,79.0,78.0,83.0,86.0,84.0,75.0,80.0
86.0,88.0,77.0,77.0,79.0,67.0,86.0,77.0,81.0,73.0
87.0,87.0,81.0,80.0,75.0,63.0,68.0,77.0,79.0,80.0
88.0,88.0,83.0,70.0,76.0,67.0,84.0,83.0,85.0,74.0
84.0,87.0,86.0,80.0,81.0,68.0,84.0,84.0,74.0,80.0
86.0,89.0,76.0,76.0,76.0,63.0,79.0,81.0,84.0,80.0
85.0,90.0,83.0,86.0,76.0,74.0,78.0,81.0,82.0,81.0
87.0,84.0,86.0,79.0,81.0,73.0,87.0,85.0,82.0,76.0
86.0,89.0,79.0,86.0,79.0,69.0,80.0,80.0,84.0,74.0
88.0,84.0,85.0,77.0,75.0,73.0,80.0,77.0,73.0,75.0
81.0,80.0,84.0,73.0,78.0,71.0,81.0,79.0,74.0,78.0
80.0,87.0,76.0,82.0,79.0,69.0,85.0,82.0,84.0,76.0
88.0,89.0,82.0,76.0,78.0,75.0,84.0,87.0,82.0,77.0
88.0,84.0,77.0,72.0,75.0,70.0,77.0,80.0,83.0,79.0
85.0,88.0,74.0,81.0,68.0,73.0,79.0,80.0,81.0,75.0
81.0,82.0,72.0,72.0,77.0,67.0,80.0,78.0,85.0,74.0
81.0,92.0,85.0,82.0,80.0,64.0,77.0,83.0,72.0,74.0
89.0,86.0,77.0,73.0,72.0,70.0,85.0,84.0,84.0,72.0
83.0,82.0,74.0,75.0,83.0,74.0,87.0,81.0,82.0,78.0
90.0,90.0,80.0,77.0,75.0,70.0,82.0,82.0,73.0,76.0
87.0,90.0,80.0,81.0,77.0,72.0,85.0,87.0,84.0,76.0
88.0,83.0,73.0,76.0,73.0,73.0,80.0,86.0,81.0,78.0
78.0,83.0,73.0,77.0,72.0,69.0,81.0,82.0,79.0,73.0
93.0,93.0,68.0,74.0,74.0,61.0,89.0,86.0,81.0,73.0
93.0,91.0,71.0,75.0,72.0,70.0,91.0,73.0,79.0,72.0
85.0,84.0,74.0,70.0,82.0,70.0,77.0,76.0,84.0,79.0
89.0,87.0,74.0,79.0,77.0,72.0,86.0,80.0,85.0,79.0
86.0,84.0,73.0,61.0,73.0,66.0,82.0,80.0,76.0,79.0
89.0,79.0,74.0,73.0,74.0,69.0,83.0,82.0,81.0,74.0
80.0,87.0,71.0,77.0,75.0,67.0,72.0,74.0,81.0,74.0
87.0,86.0,76.0,71.0,81.0,80.0,83.0,81.0,83.0,79.0
92.0,84.0,71.0,70.0,74.0,72.0,78.0,80.0,76.0,75.0
89.0,85.0,81.0,80.0,71.0,69.0,87.0,83.0,82.0,77.0
89.0,93.0,82.0,74.0,75.0,72.0,86.0,85.0,79.0,75.0
86.0,86.0,72.0,75.0,81.0,72.0,80.0,84.0,84.0,75.0
88.0,84.0,74.0,77.0,75.0,74.0,81.0,84.0,76.0,79.0
83.0,89.0,68.0,76.0,74.0,63.0,73.0,79.0,77.0,72.0
88.0,88.0,78.0,76.0,75.0,68.0,78.0,76.0,80.0,73.0
85.0,85.0,72.0,81.0,72.0,70.0,81.0,79.0,81.0,73.0
88.0,90.0,82.0,64.0,81.0,73.0,89.0,82.0,79.0,79.0
85.0,83.0,74.0,77.0,66.0,65.0,70.0,76.0,83.0,78.0
89.0,90.0,79.0,80.0,76.0,62.0,76.0,89.0,80.0,78.0
83.0,84.0,75.0,79.0,68.0,69.0,79.0,80.0,77.0,73.0
87.0,83.0,74.0,77.0,76.0,69.0,78.0,79.0,80.0,73.0
92.0,87.0,71.0,71.0,72.0,74.0,78.0,77.0,77.0,75.0
85.0,87.0,77.0,71.0,72.0,65.0,85.0,81.0,73.0,75.0
87.0,89.0,77.0,75.0,78.0,62.0,79.0,82.0,75.0,77.0
88.0,86.0,86.0,74.0,69.0,79.0,83.0,81.0,65.0,79.0
87.0,82.0,83.0,79.0,78.0,77.0,86.0,85.0,63.0,78.0
88.0,89.0,71.0,76.0,77.0,67.0,83.0,87.0,60.0,79.0
87.0,87.0,85.0,71.0,78.0,77.0,83.0,87.0,67.0,78.0
88.0,89.0,77.0,73.0,83.0,72.0,81.0,85.0,61.0,82.0
83.0,85.0,82.0,70.0,75.0,76.0,79.0,79.0,71.0,78.0
84.0,89.0,67.0,65.0,76.0,68.0,75.0,75.0,71.0,77.0
81.0,89.0,74.0,71.0,72.0,73.0,82.0,85.0,67.0,75.0
85.0,86.0,72.0,75.0,82.0,67.0,79.0,77.0,62.0,77.0
85.0,88.0,81.0,71.0,71.0,70.0,83.0,78.0,65.0,71.0
87.0,86.0,83.0,76.0,81.0,73.0,82.0,81.0,68.0,81.0
87.0,89.0,84.0,75.0,75.0,72.0,77.0,78.0,65.0,76.0
88.0,85.0,81.0,73.0,76.0,68.0,83.0,80.0,70.0,77.0
91.0,91.0,82.0,68.0,80.0,70.0,85.0,83.0,72.0,73.0
90.0,88.0,84.0,72.0,78.0,72.0,87.0,83.0,71.0,84.0
90.0,87.0,81.0,72.0,77.0,73.0,78.0,81.0,68.0,75.0
91.0,89.0,82.0,75.0,73.0,78.0,88.0,77.0,74.0,77.0
84.0,85.0,78.0,79.0,76.0,70.0,79.0,78.0,82.0,80.0
86.0,90.0,74.0,77.0,77.0,72.0,75.0,78.0,74.0,83.0
81.0,90.0,83.0,71.0,78.0,75.0,79.0,81.0,80.0,73.0
92.0,89.0,80.0,76.0,74.0,68.0,89.0,86.0,71.0,84.0
84.0,87.0,76.0,73.0,83.0,63.0,81.0,73.0,77.0,77.0
90.0,90.0,81.0,71.0,76.0,75.0,78.0,85.0,75.0,77.0
88.0,88.0,78.0,66.0,78.0,74.0,82.0,81.0,84.0,78.0
93.0,92.0,84.0,72.0,82.0,76.0,84.0,80.0,77.0,79.0
83.0,85.0,70.0,73.0,73.0,67.0,81.0,72.0,72.0,77.0
86.0,89.0,75.0,76.0,80.0,70.0,83.0,86.0,71.0,75.0
82.0,82.0,75.0,74.0,81.0,67.0,79.0,82.0,78.0,75.0
86.0,85.0,77.0,77.0,69.0,72.0,78.0,79.0,72.0,75.0
92.0,85.0,81.0,74.0,81.0,73.0,78.0,77.0,69.0,78.0
89.0,93.0,73.0,80.0,76.0,70.0,77.0,76.0,83.0,71.0
82.0,84.0,82.0,78.0,72.0,68.0,80.0,82.0,73.0,82.0
89.0,85.0,82.0,72.0,73.0,77.0,82.0,77.0,76.0,79.0
86.0,84.0,83.0,75.0,82.0,82.0,82.0,84.0,76.0,83.0
88.0,86.0,78.0,80.0,82.0,66.0,86.0,81.0,78.0,79.0
86.0,82.0,77.0,74.0,81.0,72.0,81.0,82.0,83.0,82.0
89.0,87.0,77.0,72.0,75.0,71.0,75.0,80.0,80.0,78.0
86.0,87.0,85.0,74.0,87.0,70.0,77.0,83.0,78.0,82.0
85.0,90.0,75.0,70.0,83.0,71.0,75.0,83.0,74.0,74.0
81.0,89.0,80.0,72.0,81.0,69.0,87.0,82.0,79.0,80.0
87.0,83.0,79.0,78.0,81.0,63.0,80.0,76.0,77.0,71.0
90.0,90.0,76.0,73.0,75.0,71.0,79.0,87.0,74.0,76.0
85.0,93.0,89.0,72.0,73.0,75.0,81.0,83.0,71.0,78.0
85.0,90.0,81.0,68.0,78.0,70.0,76.0,78.0,75.0,71.0
79.0,91.0,87.0,67.0,84.0,74.0,82.0,71.0,76.0,82.0
84.0,88.0,83.0,66.0,78.0,70.0,83.0,82.0,74.0,76.0
86.0,89.0,77.0,73.0,83.0,65.0,79.0,79.0,81.0,71.0
84.0,83.0,84.0,74.0,74.0,70.0,78.0,82.0,78.0,74.0
85.0,86.0,75.0,74.0,76.0,67.0,84.0,79.0,78.0,75.0
83.0,91.0,87.0,73.0,82.0,69.0,90.0,88.0,81.0,71.0
87.0,90.0,81.0,68.0,75.0,69.0,76.0,75.0,77.0,68.0
90.0,89.0,79.0,72.0,84.0,68.0,86.0,90.0,84.0,77.0
85.0,87.0,77.0,72.0,86.0,74.0,80.0,85.0,75.0,73.0
88.0,91.0,85.0,70.0,79.0,63.0,83.0,87.0,82.0,75.0
87.0,84.0,83.0,75.0,82.0,78.0,83.0,81.0,76.0,66.0
89.0,89.0,85.0,71.0,85.0,73.0,84.0,79.0,81.0,76.0
89.0,88.0,85.0,67.0,81.0,75.0,82.0,84.0,83.0,76.0
86.0,92.0,85.0,70.0,76.0,79.0,78.0,87.0,77.0,77.0
84.0,84.0,82.0,73.0,76.0,67.0,87.0,79.0,75.0,78.0
90.0,93.0,90.0,71.0,83.0,75.0,84.0,84.0,81.0,71.0
85.0,90.0,83.0,77.0,75.0,73.0,80.0,85.0,75.0,73.0
86.0,86.0,84.0,71.0,79.0,70.0,80.0,79.0,78.0,71.0
84.0,85.0,84.0,68.0,83.0,69.0,79.0,77.0,73.0,73.0
86.0,86.0,82.0,70.0,73.0,65.0,79.0,80.0,78.0,68.0
88.0,83.0,82.0,76.0,80.0,74.0,78.0,82.0,74.0,78.0
81.0,88.0,86.0,66.0,76.0,73.0,84.0,80.0,76.0,65.0
89.0,84.0,78.0,75.0,75.0,70.0,81.0,80.0,77.0,71.0
90.0,89.0,88.0,65.0,78.0,75.0,84.0,84.0,75.0,75.0
93.0,92.0,77.0,66.0,74.0,73.0,77.0,78.0,78.0,74.0
81.0,83.0,74.0,74.0,72.0,63.0,78.0,69.0,73.0,59.0
85.0,92.0,81.0,71.0,81.0,66.0,85.0,84.0,81.0,81.0
87.0,85.0,80.0,78.0,81.0,71.0,81.0,80.0,81.0,74.0
86.0,86.0,82.0,70.0,78.0,74.0,83.0,85.0,75.0,79.0
90.0,89.0,90.0,69.0,81.0,79.0,84.0,85.0,79.0,74.0
82.0,79.0,75.0,66.0,70.0,62.0,76.0,77.0,79.0,72.0
80.0,88.0,82.0,69.0,78.0,67.0,79.0,76.0,74.0,75.0
84.0,89.0,80.0,79.0,75.0,80.0,83.0,86.0,72.0,78.0
88.0,88.0,91.0,68.0,79.0,69.0,89.0,87.0,77.0,79.0
86.0,86.0,86.0,66.0,78.0,75.0,79.0,82.0,76.0,73.0
85.0,86.0,80.0,74.0,70.0,69.0,80.0,79.0,71.0,75.0
89.0,87.0,81.0,75.0,79.0,65.0,80.0,79.0,79.0,75.0
86.0,86.0,82.0,70.0,74.0,71.0,77.0,75.0,77.0,73.0
86.0,88.0,82.0,83.0,77.0,64.0,84.0,85.0,80.0,86.0
87.0,93.0,77.0,70.0,76.0,70.0,80.0,82.0,75.0,78.0
84.0,93.0,87.0,64.0,85.0,74.0,86.0,80.0,83.0,77.0
87.0,90.0,91.0,77.0,84.0,70.0,81.0,86.0,78.0,82.0
84.0,88.0,81.0,67.0,72.0,66.0,84.0,82.0,78.0,72.0
85.0,88.0,77.0,71.0,84.0,74.0,86.0,88.0,86.0,76.0
87.0,91.0,86.0,68.0,69.0,66.0,81.0,75.0,75.0,71.0
90.0,87.0,84.0,71.0,78.0,70.0,79.0,79.0,83.0,75.0
82.0,89.0,81.0,66.0,82.0,65.0,75.0,80.0,82.0,72.0
86.0,89.0,84.0,65.0,74.0,72.0,76.0,87.0,78.0,69.0
79.0,84.0,87.0,74.0,77.0,66.0,77.0,84.0,80.0,72.0
88.0,83.0,83.0,71.0,82.0,65.0,73.0,75.0,78.0,74.0
87.0,90.0,81.0,74.0,73.0,73.0,83.0,78.0,76.0,74.0
77.0,89.0,93.0,72.0,78.0,71.0,89.0,86.0,84.0,80.0
80.0,79.0,86.0,71.0,77.0,75.0,78.0,81.0,81.0,73.0
84.0,90.0,84.0,64.0,76.0,73.0,85.0,87.0,87.0,73.0
90.0,87.0,85.0,72.0,74.0,77.0,84.0,82.0,78.0,73.0
82.0,83.0,79.0,71.0,67.0,55.0,70.0,74.0,76.0,78.0
82.0,88.0,82.0,70.0,78.0,60.0,79.0,86.0,80.0,74.0
86.0,83.0,85.0,72.0,77.0,69.0,85.0,84.0,85.0,78.0
85.0,85.0,88.0,68.0,77.0,70.0,85.0,89.0,80.0,71.0
84.0,89.0,85.0,67.0,80.0,73.0,91.0,86.0,76.0,71.0
91.0,91.0,86.0,69.0,81.0,74.0,87.0,88.0,85.0,80.0
86.0,89.0,83.0,56.0,76.0,71.0,81.0,80.0,82.0,68.0
87.0,88.0,81.0,73.0,80.0,64.0,85.0,82.0,83.0,73.0
84.0,87.0,83.0,67.0,71.0,71.0,85.0,83.0,78.0,77.0
88.0,82.0,80.0,68.0,72.0,69.0,78.0,82.0,80.0,74.0
76.0,83.0,81.0,64.0,79.0,68.0,83.0,79.0,83.0,74.0
89.0,86.0,80.0,64.0,68.0,76.0,78.0,81.0,74.0,76.0
91.0,86.0,82.0,64.0,82.0,72.0,89.0,78.0,81.0,70.0
91.0,90.0,81.0,62.0,70.0,74.0,79.0,70.0,76.0,74.0
88.0,86.0,76.0,74.0,80.0,72.0,85.0,83.0,76.0,70.0
78.0,87.0,80.0,71.0,86.0,75.0,82.0,86.0,72.0,75.0
87.0,86.0,83.0,65.0,77.0,76.0,89.0,80.0,75.0,73.0
81.0,83.0,74.0,69.0,73.0,63.0,74.0,75.0,77.0,70.0
86.0,84.0,89.0,67.0,77.0,66.0,78.0,80.0,74.0,75.0
83.0,87.0,80.0,66.0,72.0,77.0,83.0,86.0,73.0,77.0
86.0,87.0,77.0,74.0,68.0,66.0,85.0,81.0,76.0,74.0
87.0,88.0,81.0,72.0,72.0,70.0,84.0,80.0,75.0,72.0
88.0,93.0,82.0,72.0,74.0,70.0,81.0,84.0,78.0,74.0
88.0,93.0,83.0,65.0,83.0,78.0,83.0,87.0,84.0,74.0
84.0,89.0,84.0,68.0,73.0,77.0,77.0,79.0,70.0,69.0
86.0,90.0,82.0,64.0,67.0,58.0,82.0,78.0,70.0,73.0
86.0,89.0,83.0,67.0,86.0,69.0,84.0,85.0,83.0,78.0
81.0,90.0,78.0,63.0,77.0,65.0,83.0,82.0,80.0,72.0
85.0,89.0,83.0,58.0,77.0,70.0,78.0,83.0,74.0,77.0
83.0,88.0,82.0,72.0,78.0,65.0,81.0,85.0,79.0,76.0
88.0,90.0,81.0,72.0,84.0,72.0,71.0,80.0,79.0,74.0
87.0,90.0,84.0,73.0,76.0,79.0,74.0,86.0,82.0,73.0
82.0,84.0,79.0,69.0,81.0,76.0,87.0,80.0,76.0,71.0
87.0,80.0,74.0,69.0,76.0,74.0,84.0,81.0,76.0,68.0
87.0,90.0,78.0,69.0,75.0,71.0,80.0,80.0,74.0,71.0
90.0,91.0,89.0,60.0,76.0,78.0,83.0,91.0,82.0,75.0
