ethereal-frog-149 - reward_sum_oracle,eager-armadillo-158 - reward_sum_oracle,eager-gorge-176 - reward_sum_oracle,earnest-pine-194 - reward_sum_oracle,decent-microwave-207 - reward_sum_oracle
157.001982232445,3.185420159797,37.8960013833894,0,206.479173802623
0.702232609317087,0,0.012516518023464,0,0
64.1814745219657,50.5455868958168,0,0.013998866828187,0
0,43.3053136502789,0.377746165536095,0.107490491516314,0
47.08554402365,0,76.4814247896609,0,0
0,0.189392413127742,0.431543936152313,27.7768745910999,0.407978808873928
0.01136241766364,0.186467880726766,0.207395279399614,0,0
0,0,0,151.770438971121,0.172380172526024
0,0,0,0.086381951091709,0.070741947619071
60.8023438414501,0,0,0,0.001180713110229
6.62091618457917,4.61932356931412,8.53430626261929,0,0
0,0.001652996138738,0,0,0.088984471996049
0,254.413739337903,0.111817768012371,1.51701566756694,3.44256031949875
0.013996912777036,49.835382952866,0,69.7250409229796,46.0137685328015
0,0.224932686593064,38.0426896717785,286.680271496206,0.098204189300219
0.001488583531851,2.91295094447296,66.2087627566332,65.5560136141051,0.094990365278959
0,14.4593022222314,0,192.191502028163,0.389851067535931
0.312847209172923,0.032269627267735,0,0.386340517933846,1.299991399343
0,71.1056172943088,0,54.8752139057679,1.27402172473362
0,55.5397249615682,12.3009113931819,58.721147056667,6.7824641754451
0.041758175508206,50.7725128246182,53.8343932607126,0,7.49612053650658
0.500828046399397,0,0.338140280488843,0.002625433806131,1.16033204000173
0,1.04873771592106,78.1580662986008,25.2522999711218,5.77303798969361
0,105.441138833335,0,0.163484783690395,0.536467167925312
0.744994313443723,78.5254970981596,0,2.16624490389483,12.0666812057861
11.0651208576603,1.24400821821328,1.62566581428578,57.6132298890449,4.80722301611718
0.062523017727858,0,10.5719628145012,55.3447727006331,0.957173539856558
0,3.27927996496772,75.9877344803757,22.6532754321065,0
0.011445083861245,127.74108696247,85.7535221840559,0.314743684495443,15.7912998113623
0,1.16169843369584,53.0094774595921,14.165815134195,0
0.880010737412288,10.0570056788885,74.9745416253074,31.9753801355985,34.1019148120701
0.015958204684412,76.5213610826522,2.84157148270901,26.7950706774238,0
0,122.666284496997,0,174.373872769255,13.4649930552555
0,0.093084879948696,241.090889800346,64.177128908962,0
70.0594715244726,0.566006990262855,13.153508619684,381.786567757463,3.23807348597185
0.000325599953018,0,23.3497922473874,384.084428414782,3.92313145402126
0,34.0586835155903,77.425010180573,434.834085476497,0
0,0.346001397947518,257.051727217028,44.0952104398056,16.7359979567001
355.126608393181,49.9178246074271,24.6962618919562,200.49258173928,7.23453031526545
0,12.2597515185145,294.132369768621,288.035174158042,18.8339141152518
0,47.9683541721028,467.27989133338,125.396870341346,9.9062460256813
0.1083973397635,36.1956560524086,76.9011064112922,384.546480937655,6.8982637946556
0,153.729139655449,6.20173001554916,303.154238272192,0.043028926507219
0,108.874058032983,341.66139463392,396.990696911294,10.7653765305876
0,3.3221904400473,396.431934836135,0,7.91621400397672
0,7.6642733228312,0,107.601913845138,14.6993853465885
0,12.0202913303319,0,0,1.19909200311692
0.022972029559071,132.622517190909,24.9609061511734,0,2.45703359582025
0,47.22206289175,428.893737527862,116.417873771913,6.19663583934246
0.033068673090665,0,0.000812204457035,77.7949007647396,7.09666086455474
0,0,480.397437392359,390.161284134031,1.51982753739908
0,112.551290197631,478.211208723301,398.105380557014,3.76489249169437
0,2.14661997270177,509.579873239853,83.5029837098992,5.49401368464653
0.147926257001051,0.616909729831475,416.09582102241,425.403241199026,6.38497252164208
0,58.0017081241104,372.009927371243,0,47.6533520549636
0.071126980219509,76.7978214453089,373.339318255232,403.935743174679,4.29105704945686
332.457756652294,83.5618946673062,503.397153317334,408.273940748954,3.31793150709184
404.538859208533,26.9601824178563,510.282757958465,0,4.25572992903223
57.1303329012545,98.0393242397814,0,323.11662573461,4.09132576745048
0,13.1624421741687,382.723370870515,15.5582508363392,5.15441902673995
0,172.657406443297,424.765261653786,184.252686103542,1.8163893067783
0.136896024809471,23.5528233995861,490.412939329402,274.591912003658,3.75446915034915
0,96.1949577572572,613.347115666368,367.925736021426,5.52824836224905
57.0644174134001,55.5089644907603,487.557164808765,392.884342359754,286.973991711318
0.16275243724622,230.74908956981,425.930880907941,255.360875185495,19.4393522921103
0,0,0,1.09365631219508,3.16172109687711
144.522961255687,173.078605114735,519.716343293875,0.131828042868709,1.78118998220258
484.568809565036,146.112092063557,415.76833041776,0.009397081356462,0.837159267039982
0,48.287809400287,425.059248683476,0.003676086931274,4.0988576545552
432.62375930641,438.177719066651,39.8407748723761,0,3.76665827706735
0.003166470002935,99.5719693805922,569.742982242225,0.25533406616303,3.6425887752502
414.982869448857,0.006660591767708,365.457090756506,269.133768015053,1.84583162898951
0,167.970737286564,411.478295988215,117.084830074895,2.95431841867181
473.517325426685,211.961782066632,614.916193028654,484.051729858903,3.37765790868867
450.360415940723,58.380077884994,483.905772593089,0,3.02430256132942
435.322082900462,0.529660072095978,441.308589777682,370.999507356308,1.47867074377092
74.9981750425415,54.0091655491596,582.224516755363,54.293529308872,2.94104116436686
0.285091358136445,78.1715589360853,84.6683453973764,410.543256225517,2.91423239896119
450.122512712712,354.465566661432,95.1026810418333,318.379204816289,0
466.009064062736,31.6907879434082,67.1689921977678,376.555147101102,0
154.863531614869,231.314867587581,502.385157102479,0.003223285173391,1.9527809911714
0,0,669.760645508275,0,1.83047064969766
0.062081464169067,34.6175051939431,496.553495815124,111.609996884006,49.8898422324385
78.0777437078143,41.4682363591239,719.706249946994,90.9762923023652,1.67690282572394
0,459.682653109968,504.265614156339,125.482279882453,0.884845547424064
484.965009080923,81.1069583231808,519.055348495311,223.961099622621,0.646007973244553
121.850536496588,433.393453777062,488.947904825277,222.031553857804,0.592087181226715
454.463131035803,97.6608368718453,638.136413580713,274.459417214902,369.943014291516
515.874970141627,117.429413062039,649.91691045805,261.3947106895,1.34759095786689
500.617036131036,170.830047132967,23.6660803351214,0,21.5540577666035
0.181975787877243,238.093159592694,638.094696393845,348.417669022736,1.76518660177088
0,260.552181639518,64.0091527555437,394.774035894388,0
0.013182785872655,307.687098636622,646.129421957828,0,0.203151353452497
483.447540685152,214.553641603265,583.124655017763,128.882809147994,73.3505924965466
127.956994430449,333.484889045679,451.492827786856,181.07064281307,29.6359486701142
0,362.419577443764,541.321028512089,123.775735588055,1.39754391756555
465.310244690842,51.0981986163606,580.807390208498,399.849972596341,355.471827898313
543.596760977178,30.9302099945686,30.4536171813244,0.022318052660858,15.6581879647598
548.660719510453,276.084232167589,30.9184145903849,214.589269840755,51.1405611557088
409.853764136676,90.5670840981962,547.726538508813,350.625536315151,94.9133795881915
64.244092885978,295.282334386442,592.041040501707,0,9.13553710383572
0.165813191883413,102.357349558633,553.467516943995,381.149309515397,336.985033798786
0,0.485781204147046,670.394487944255,0.004630930034946,152.640413272142
0,245.551178362001,85.0520448970093,509.466101304138,363.36498217395
59.7962189391022,223.499088509849,565.009588299582,0,0
489.617509513379,93.9806012902855,649.91452800979,0.009038491892802,350.775676333822
494.538936790958,298.316064763147,613.003125125548,0,357.194470063509
494.814971400576,294.765856219516,580.503026399699,311.867431616587,310.198786031736
0.000195475523768,247.129198204124,446.697409186598,556.156938349341,295.708637491038
0.257079583745987,94.0957751111869,612.804208426401,104.407664342711,24.6919953984019
607.696166039663,186.349479501316,656.724665376057,0.001069763195137,366.45008677335
0.404875643204059,370.682952826137,485.181893212321,0,0.002713418235842
0.104590602672047,84.4934962143607,398.046225706465,350.13509733275,404.581024331876
0.411286713975148,230.65041322125,455.4263905152,104.506282465683,415.44446309974
624.530116341283,312.420163947389,473.415139455896,573.578467370757,114.184659084724
536.539897399381,27.0337452638216,719.564733524775,562.51090915642,416.585713318357
491.483499849304,73.0831950737761,763.962777399138,99.3938345701611,438.792606750993
615.780599714323,101.24323657397,613.45001416674,528.582231499693,38.919573391097
639.01320687629,256.451355898081,619.220582446237,634.302907998356,119.049243618555
0.140959774379567,0.654329870766521,689.134747797967,0.075712883247667,60.2061157798703
0,232.009586751316,613.171033170698,719.957090947958,95.0927973963698
0,293.505162109909,596.615957998093,600.886927412229,404.68148488587
7.81874779946748,92.828240780189,41.3683750192155,575.475995048801,56.4338679105209
0,243.314257273915,592.362917666051,658.984092945563,71.2351295028601
0,307.877815711899,658.179122079496,0,450.09155578172
0,287.123746921891,691.341100153191,608.822834367504,279.252323032756
0,13.611909984814,652.975235386263,0.003287312877638,59.3211821172446
0,83.2491329707887,535.790923396237,603.350285509099,393.708244634919
125.675256164109,22.3926051433649,464.574211772255,0,434.435405631465
0,72.3496950696547,633.429758667272,551.736196074667,417.50975324512
0.226181175092744,241.292295401656,750.194069518496,127.691933810438,344.095884669095
17.4480030833511,51.7862346760111,94.4016576424783,0,423.005826330659
0,321.105169787981,625.361419848485,567.688212119498,428.696365337019
0,280.833746620093,652.447170748253,565.327327036205,415.272228166958
90.0248574179392,92.0426776477979,604.510857127741,0,405.179517119807
87.7060983260206,67.0244695852647,714.153575098158,601.473493660239,238.473875930773
623.750672236892,242.973576668025,702.838632360115,561.956705619303,21.2953964862431
0,102.037528577747,611.005362061786,569.647244652208,97.9102286877854
647.785901235784,44.8261383559095,544.043334695058,0,401.768152770626
0,85.351431776573,661.439336531337,585.471763796636,404.594772963507
0.000732687943521,73.4381195971167,683.44548068807,0.126287864241312,40.5017162912771
555.459217113755,329.571223617311,713.209167040205,564.974288788273,0
748.904704400626,410.672825629766,507.744247630989,0,378.046045092164
698.649748252289,365.502127579647,569.516169011075,0,0
90.3123252171723,92.0771911667247,429.116578297985,462.828551453527,367.094814749871
0,93.6221771494972,660.220822593249,371.328691263055,185.865167309315
420.661864836268,301.873328428335,602.433693576457,647.267562790394,2.2606546977691
0,109.132563837662,716.779326541505,0,0
0,373.711565261286,548.568857790204,611.783623088307,40.2714292949046
0,9.28195773352273,595.297346366483,602.322648446471,6.63445019672535
94.4768337984669,43.3807462248362,662.659114694924,624.742666711559,379.479170138763
0,17.0145689916672,610.007720090146,0,238.480081112156
770.115151767384,395.486940511375,513.082802393035,669.492546488069,384.618081618368
0.000670883188157,364.566042523279,678.813561205646,641.231994755318,103.292229452455
91.0603970994075,392.117687362352,687.550176942026,597.378070627131,109.016549117925
0.058829839411654,414.512388158098,730.515545524697,80.518148504157,348.26913841806
0,381.442082999558,29.4558476822957,455.562292070295,423.993512087236
94.237739861497,92.5011269720991,694.786642696918,597.092636337817,124.219623305962
0,56.2622618384469,688.535493675587,640.254574600145,337.118727557502
93.0073150524903,199.587663115497,587.227858572392,640.236681242716,2.80536799952583
0.231273931090963,354.038760330661,673.011599425846,414.787199993953,374.350247469158
611.060952425024,427.772730883084,542.517267856609,0,404.834010494036
95.2817896234481,65.4720193887967,673.611277139568,683.11997256934,426.939835667567
0,322.674862791136,616.628417373038,634.382065613992,305.757803385615
0,215.685137767785,70.0982741402422,664.838786121597,372.14821989729
0,399.956207211235,222.230847866437,0,68.3504782913002
0.151853299062915,48.1027420510486,739.623993565504,718.735118648317,63.4801939084369
94.037840509495,409.798978333874,694.906614663434,504.077248254164,13.969899308965
0,325.34272816084,740.430822582277,627.158602085642,406.051113912903
739.723785995385,47.5341153456703,699.447351390693,364.453329728785,410.803773087958
599.271921737483,415.628996981642,661.282020624494,656.984777007968,58.5113929499966
0,393.381170578482,667.533255019084,0.282273711025482,426.667733536042
621.665351657046,69.2153223003327,597.093215582759,613.40452848335,406.69929072925
0.001164531805327,436.178102798103,656.442791333195,0.027380374479469,78.6066579415559
653.87841641106,344.661518949605,683.797257201679,0,394.43197831048
574.400473313043,98.0904755401341,623.219661356918,712.739310714526,4.69730275728202
0.095875189171185,413.428472970144,519.5528054963,514.644374878844,228.270743006464
0,50.3734244094479,553.841818066687,671.222477952224,395.558560045697
0,103.498444780333,628.819166460835,0,419.123659308554
783.150087674201,280.036696230792,657.872166056884,636.252444177166,88.0709343651482
0.002725978514339,1.79220142018416,650.472745113749,70.8009024207356,395.568635791697
246.823533895103,44.0896605145952,748.957465278996,0,402.370079737134
228.24010455558,48.8157461278531,749.243537058289,420.788131329213,339.115968269166
723.384441728546,57.8240414238912,713.364013716326,796.127028780016,142.413738725841
745.356158631748,427.57963377171,528.432131185941,681.65616639205,372.821986427837
715.827589127219,427.808916631213,657.068473064594,642.272119140279,69.232586349771
0.480068854529607,77.2077679674966,593.538953982093,792.293243366162,339.719212588356
93.4643003213861,101.516058323346,528.456136986955,626.629775082113,1.15925625768645
0.29795874005697,88.4955615964069,445.665037174985,647.189585833129,430.890584612812
667.668463013913,42.332295893959,476.943668835502,599.839488039382,364.429045867483
777.83329973212,102.064339437364,658.189400038839,704.00390909165,429.592178463761
93.6033882920869,53.3640961237963,779.704340771601,472.40107931543,44.4107751111545
740.632229138998,39.2731474423904,549.075889610538,628.87447942824,8.73334239681665
0,95.3955629050845,704.685020088212,668.80220988677,414.013291154328
673.330889021051,89.5482405912393,593.590201515141,622.198435216254,397.105797395666
0.357556803651156,101.37831150365,585.543412618609,706.894482087645,382.342806880176
0.43906336116766,441.122859663281,632.537004358323,663.909034429039,401.083610127489
92.2139738432997,33.3592975738718,638.108348933151,0.363166479684932,297.810921644451
0,516.638748705041,454.109071519358,690.171674832651,45.4063413138926
418.125845163072,391.909515700123,683.166733536451,627.470420290819,440.086410499304
0.015296658642964,506.063053466408,686.08050170737,0,399.481167460687
802.088191586866,83.0386041038858,484.598152680462,682.990888594854,310.054441855234
502.703050311609,441.293130272818,726.174151151378,117.691360847867,361.56607501016
0.067409351447441,20.952742848969,543.800191833876,85.9107368803381,302.343006571417
0,102.257123074565,618.864974335687,707.56980267527,425.356705454438
784.899643310125,141.916623796183,519.116962896897,648.140116325807,299.268358571048
722.321694605125,11.9614802893725,700.155644061867,673.628739116101,265.785553624003
438.528856766513,319.990831174982,660.127157842743,643.174269474952,371.856416587708
0.174416646936788,395.607298807017,560.525573747301,554.58211733597,411.260247304473
0,98.9304497577682,782.971924514235,666.713554772023,433.405999470125
724.063077967747,39.9455147119715,722.10769623689,543.053451140002,107.297079475554
525.540764799141,463.118118933351,781.292724471875,558.021076336975,236.349884445552
0.582354802452552,30.1851714509218,756.516743771919,794.061131084258,110.361697158274
0,93.7187755323802,592.706311797954,656.118294867488,256.972319013371
0,415.683009564625,722.545484496943,808.083825404782,53.6400011913937
767.860989458441,415.256564086335,619.94317134079,0,326.43020362193
89.0319374536698,546.760347919372,637.937515095083,103.601736065329,350.030137453566
641.384109232707,88.2606838342549,726.684155065262,604.459065673805,455.912809104638
753.870483416711,85.3759339781689,746.824850186626,653.273195687078,431.813282424006
0,318.726919290816,720.268824596648,543.38944425086,337.822954989946
90.1047254313297,75.42510199238,630.992001060772,658.847592014677,397.502237841524
500.670199737978,530.770521538049,652.425479762288,584.161280935064,405.478309514299
716.560736269809,35.8006434374376,721.047912247671,628.355984591208,56.0671076675302
497.643775399053,48.3599352284455,684.087384494439,606.220316003741,422.142697632866
0,537.564473296161,591.346442554907,185.30986976263,436.258658100898
0,89.7456501183781,735.71050397685,0.004130786160407,441.206139978225
754.274553690376,404.631046001432,610.064789942933,688.971802209797,354.640740950425
224.652068276341,30.4220973874092,694.853568988788,619.44474184601,353.224189448425
744.95898049448,410.353997366698,713.117751070535,537.771166803198,429.923679432666
775.715040070491,13.0868875314453,715.635524631497,490.312985145037,369.490844918307
0,508.670333800035,594.037578562227,780.499426262845,317.201477368635
742.486535911631,409.86287707278,677.041601751647,0,420.269364857412
758.951566342641,68.699070047454,609.792440957147,686.286310136427,387.875551565028
769.823002448788,42.4165317092961,758.176529154459,115.114007120812,387.507853303422
785.949682464576,21.5701326832042,790.59847665969,361.437070584632,64.9698374430667
762.705517725618,83.4022792162775,620.521179035503,569.718988842085,396.654425639304
659.684060529783,559.745610231519,675.310995125178,684.461579785344,341.688933231139
735.894197112283,161.222723137604,783.888768082626,601.172516485957,394.361234847741
94.9483198723324,47.0159732784872,703.947858518259,684.624684245055,272.801771733389
791.695519171248,548.170931928686,606.038774367377,646.991995193871,417.707974403222
768.23191009287,91.9800234655923,670.64701059515,95.1276776132318,51.1399036043616
729.074146211128,98.6170117200436,772.66276503016,675.808046051673,360.882589243601
802.451944140321,246.01979993659,684.554397062345,0.034201767557905,170.292914873783
659.755230653619,576.19578783849,678.522022819323,88.2126841082334,146.551205699901
97.4581318032612,495.801427640033,738.398144593293,89.8891583328244,423.295048627239
669.0229623074,87.6674585750009,691.083409371315,631.320458327073,312.562125186596
157.383056155775,446.153642755972,667.633214274979,738.106052064045,374.051538240766
94.1300766754958,91.7227411670775,574.31244569125,469.569617781227,278.906164887544
398.591844567909,67.7088735513579,526.741353111883,88.1726621271412,249.720393600665
360.71502895017,407.249238448788,89.2212745573392,670.732773239817,255.806001330118
694.287037761467,76.6510336075951,716.239716432512,643.17648530996,397.580670354054
91.6391170135567,1.9746559145098,596.499049696059,83.2152378193872,407.348601166697
692.065027221446,294.090334879568,498.52704645439,81.9543352773792,144.945838488462
93.349773501762,4.7191214641757,624.376096982079,712.901542148455,341.763664513527
0,83.9543020844894,643.613432061384,719.64039560745,510.394249335275
94.5280607322403,568.349715121198,714.585661545275,79.3528489485238,423.287878952645
768.7227591081,33.9883099947642,665.493452958459,671.883481536549,427.640952302966
724.684440894071,530.043763332288,745.137799188313,639.40831771388,300.383998057619
702.960759759172,630.368641849369,563.168402817643,499.555052893966,387.34690441019
588.085100627766,565.365761661557,619.331549289398,540.204836862097,288.948747575959
705.527203412266,91.9606159552592,648.472558108245,670.126844780175,432.103046498179
764.969689428423,83.2842768279839,697.300659962117,648.315689491401,447.491958407511
741.723329945199,538.774362677317,734.437957508342,708.942296597023,402.103433409792
696.440535182276,64.846492100728,573.697923164809,715.182878993802,334.01518201353
759.958361148046,526.653075603579,782.401442242794,631.904978727215,422.276146206817
94.7578791990131,313.110738031319,641.32167355574,759.613308367166,410.29872492611
492.923098281854,90.0446612340756,733.938054526756,579.1090232966,415.749864048152
742.644643300625,607.183423961324,549.249426770063,0,68.4995718678956
743.574277851659,49.6415490252936,702.980971205281,684.80217619433,430.694654292653
650.819952517077,454.623926758309,577.456484066577,87.385798220933,415.386754482142
765.652826471453,573.688996624609,736.917331720358,763.42042630907,444.519996645848
554.249255334483,585.000207215845,773.038954625646,494.740829791988,343.679582075177
628.236784541113,87.5033323835188,660.050541646859,658.280200300739,344.266626793655
717.663169127251,95.3548975812102,57.3665269547894,595.331914981412,455.460378414953
192.532983317319,83.4215834493049,622.104967772972,669.993755718613,228.062326035995
634.196968125834,86.7054209387911,685.332329951991,0,381.342324203062
767.822717729371,98.6700618435982,773.436952072429,719.390563358671,426.558388031864
721.420504883508,81.4921377301443,695.326734408087,642.023829441811,278.364010204376
706.983451578257,372.261579259138,768.801765902328,567.584596382739,437.554650601358
695.927243408307,73.3686276825158,660.393127788086,707.734950522077,415.917984194648
442.489601472219,9.24021277335224,649.050216458985,698.600817044816,432.987950835684
689.757745383127,82.5280770011254,692.992719494043,636.997417513352,392.962852201506
781.695410925295,403.143404095529,622.271300234109,678.322958575896,357.8365536729
102.924309591083,573.427477010879,688.717629680245,782.732085281527,371.786466721023
660.496869137661,146.595006879418,44.1037236621868,754.855516508523,336.516092311406
193.923616318764,249.989018079906,355.189741068518,650.340068323742,402.190635405674
725.257919438453,285.238702420967,701.385699059169,679.82837228077,396.215739759004
95.4236245716186,403.84566986193,651.349787758216,92.4000882147991,318.350649052865
310.15591262829,299.881005805289,712.699727320192,85.2166154928555,345.241429186026
560.360676395282,408.189208140178,753.407124932494,77.8638469300995,409.042456941145
255.235849715701,20.6960606004997,702.774101932535,524.264905852006,401.858270871948
782.179054788094,452.419711160159,61.3915460432952,486.327004769071,456.036089244739
746.801891530374,253.235563150606,474.825837700872,647.298580450455,340.291536799076
642.595610733898,475.253342465742,647.925192489774,549.268672182008,502.845432420972
727.840050249918,9.96050335977997,618.490063388725,587.421873311245,407.558212852345
730.962079927886,97.5953236181277,709.817103599581,485.470552752012,421.597221622723
750.393204930654,30.4070041676844,635.377849897002,762.129197914811,77.3013756478089
90.8194731679506,56.2306243391899,711.357793767568,684.941527932135,374.980743238327
714.124030235999,423.880363700237,576.433793583071,597.366390416611,371.032517704808
693.660425133623,313.854801376542,746.821958983168,776.076540064229,414.126903765001
688.851756697936,560.316145773131,625.574648609469,664.811271471098,176.02418133242
674.571589142612,96.6331969336558,674.794755576285,648.420534469399,431.775599329701
372.588644827547,86.7409201122486,690.485979994682,466.702939558822,411.329040722506
739.031702228888,510.648115361047,762.799670258528,696.995201950935,332.130317330729
793.399078130396,102.832852741381,812.075843097204,571.871202189868,441.123362510404
425.75180462799,442.198190431609,671.372331170316,647.506212876049,278.283548041267
738.541334189508,573.044753753507,763.391317724947,656.32248121468,393.602332144504
74.1637247021422,99.3304444918132,634.372583643038,467.223370117802,407.861430273793
614.853149330829,510.521289068165,718.829958244775,576.295421778895,202.703595839655
765.686906694826,89.2196506867565,532.148467041334,676.579448932119,308.839129483694
698.485565822192,499.907773598163,639.994132775639,119.141060086452,326.414537639582
717.008151849592,26.9428698223383,700.556711026776,487.085765228258,412.382179947309
755.995104356918,482.530414674016,547.051260102698,568.909610136538,478.587731365682
700.123864480049,521.738870834546,798.797790929301,775.105768039456,235.782273054458
596.756928513618,310.492159302943,77.437998033142,748.014713546209,427.487998614608
607.52795710971,574.929398615,670.743580888418,504.711549655804,410.988724231585
692.602113173852,90.1322819157931,732.870757309771,643.738068207652,81.2025273679371
797.18957486969,94.1749367146183,680.737397591721,684.845565334983,278.390681611784
622.077967883378,558.577687735792,729.844619924595,776.615453254498,236.905490944561
609.670169405787,465.159292560692,681.036981707273,653.730006124853,313.45902908829
84.1462056257178,388.459320077115,703.54003924539,667.757449122893,421.597973354383
502.420151692611,423.586976217986,687.891006265804,498.509871805885,281.684336684045
732.507876447389,3.9680745981694,639.054868783841,664.528609803663,223.949587192294
563.186210445475,443.068459923542,558.034974356609,643.094121669623,247.245079561232
84.7133534045439,512.926996879391,727.423089815787,466.140190039825,446.850641445602
689.498097558325,585.20477298683,655.323858655671,84.8440560781297,449.279172527601
717.032799629144,295.905701133485,20.3725942164537,591.994118630204,504.157873481406
761.025287966588,85.0073252656316,666.746003169114,431.346161180403,491.503563625685
408.87674558165,632.999298229221,688.650317129174,590.221788749792,489.444332378017
816.2837875692,94.2892495870785,561.895727900207,0,329.883698835466
93.7716974100232,537.063588122131,729.769199007378,487.008719966394,411.212906288367
94.9935553252921,450.346332340291,612.90773977212,633.940950388541,433.703035758406
249.758204862489,302.147758517968,765.820338269881,628.951381241661,503.170380505392
607.170010437023,532.945088748568,702.274563612622,636.294217563918,280.970081283908
781.831326598776,643.70249151996,686.609202064229,483.290666348271,374.512905850951
802.283962031065,376.009707418005,692.479929157836,549.663109911538,427.291712353369
725.560713347654,612.091462378135,644.086207049222,107.620712749228,265.149479933418
726.726530926429,91.7340725290771,569.362282815468,590.20883325982,125.350401819131
735.965828701295,511.751688883721,472.23774184386,651.87675072616,471.845173086915
536.155594713135,483.942183948925,478.040221217152,90.7903067764351,497.067408248306
772.516871164174,617.82218340932,712.382844237497,722.76602574806,268.665904305089
809.212085290051,90.7035182210869,692.767149729473,699.347729510566,394.816661476208
673.835284831473,29.1418367116103,662.615345116445,706.855974855445,189.990518451186
90.591270109152,374.110191203736,692.081491213959,58.332866956511,365.399673730333
702.916181318313,461.118775541423,716.496541549047,92.1228556726392,457.733360867241
363.557062488449,122.501890097469,668.344791736687,509.754154095324,107.434089423076
497.602356631827,405.175631076245,655.712668347537,95.2769829880225,491.297274745372
726.524589803671,609.839714730413,710.547269750203,753.22719685901,433.573987294667
671.269296507886,368.959772569024,664.564246690593,636.987762866425,198.869689162981
757.983437504157,91.1253884922986,804.536000855386,572.926158590085,410.455624573953
778.169389677157,87.5142973259248,811.647881988225,668.685836234349,353.826147644268
732.414565335265,612.772415539113,82.037549150558,594.122837376508,382.663587992004
389.817825516177,92.1177956294915,687.384753599768,575.056905096675,426.566572943405
552.697532290815,652.84191902539,38.1111818212255,426.294197506963,475.486465465347
363.133615611165,629.383097018969,633.114629828153,595.792455130667,286.747118618678
90.611773680802,602.449763389151,683.647797144606,779.633886224843,492.474899276734
94.3043628146325,663.507531692878,675.262809551781,614.723761838145,436.322962185036
288.533150118728,605.273784168104,645.685834255803,699.539103808287,438.49368432694
414.174812600952,596.715242588975,702.478636524626,790.073434738448,361.822439865583
761.318539478902,557.696367447235,620.9362955759,562.442904587407,462.608620178562
189.449764699482,446.13890897852,621.403676505749,656.894783442791,403.339660890445
729.918143136759,527.746629958977,616.398368046146,676.499521034486,444.313264503746
79.3494816710128,564.864170058364,639.143635456538,476.099889242147,487.415688748973
729.489767681209,339.836431578551,709.826853648083,720.790054607589,455.704756334109
632.14773447309,459.960092441812,746.540191372531,375.869435789612,81.8549822326222
560.237215668099,484.261772966625,665.580137356223,634.61908456909,492.795767661633
770.93858258079,445.694442336213,701.181082111428,498.76748972543,502.772252514855
27.699143846573,360.234920977041,583.933623115545,545.145961345318,479.455286432296
763.590564211883,317.491811520162,742.063567900827,656.281345473202,513.767935592847
769.481475315323,89.983928631345,87.8118532990702,621.80804579874,123.09684826963
740.343600911962,92.641179840645,416.895163688209,82.3519778715068,420.456675812722
793.230887764677,552.274915818684,621.183278837252,89.2365923367074,592.275294465295
771.910966464263,391.711358067289,709.854839865781,624.726442070241,236.162085815748
91.5023162431811,89.5785421058819,570.387651492738,481.079832615639,492.698708807898
556.234574160925,443.726800241065,631.644301470912,623.50957563376,377.876428463535
91.2571575009602,225.988690880949,590.2575252623,594.666636406385,487.262927259752
536.252039374726,97.2270190209087,728.020197066169,681.94209091131,506.856516714789
728.839320968224,375.083984301834,757.899754814123,719.293603840711,154.303447392056
97.5702886342801,487.482505092518,551.484798645518,91.2329444942691,512.391950172214
700.088109183023,546.681293328035,655.28232814202,541.284127660549,337.152808280847
773.263958721558,634.234212196446,694.742144255596,592.72988046847,101.983639085806
667.633699948653,476.39875067461,61.4813537507101,490.246644385619,505.047891430508
486.059140496418,467.621741368353,701.036098171459,753.547647725771,518.481594121119
716.776651311736,518.765097013773,789.04698275686,528.457802209902,521.895148001429
791.1051282911,424.681666002431,676.42249482586,572.555025858733,255.080872517476
573.78614029329,461.925854824928,602.720782205592,84.2379915648079,501.311131710696
744.201765235707,526.935681069209,646.394138157019,583.471765281789,493.353557075892
485.615694140216,684.45588390261,739.781111384502,538.858566754711,313.991692946911
711.347993480864,579.829052324472,544.470827572,748.408450577166,208.304228685151
712.72163479206,664.641289356956,778.229954782473,92.7952287810797,0.298014551928903
357.461392856218,616.536767874799,670.739225864861,612.877899547175,535.055318758414
793.877529174701,152.243615438391,690.657709050173,603.300378629867,543.13165206207
362.417866474247,80.2685473589224,476.980225800234,668.904099949719,517.458682880666
746.627521454545,617.14347914203,721.62935224491,728.888295422624,525.389595990557
741.943560551662,90.1709571589873,733.747966941062,584.922923302232,344.946908658006
137.722142956805,573.44449123619,41.5189123363772,642.712296526491,389.912767799274
603.993216815763,81.9115253066185,695.949024545556,449.474697571158,513.466136883986
665.946641125312,530.890183938377,604.849926960882,835.477987767084,172.632665577267
443.308596342628,432.390109418599,742.854119613746,598.717710759493,433.705621559855
658.947840155791,542.945909647905,534.845880652241,608.041183192694,508.446253911159
604.285933997811,522.162718611826,700.10799975891,670.726244775723,48.6249225099084
794.915475746511,230.61761274851,739.108971749324,567.600784537912,632.865496297248
97.1413157590836,75.212979763467,752.164481111305,356.831321837809,92.7140763327593
304.944421679958,63.81576982247,677.086078433495,85.8423549712039,509.780454072646
777.841713277164,88.1842692538319,156.435030119992,613.433485920442,438.586152095567
423.828493699389,94.1414181340805,662.306154080097,93.7563604303016,572.714937676718
635.955312941541,407.133174677876,30.5758683135294,618.97139906455,259.326457471176
745.358090906485,90.7501565383885,650.903041706313,669.1792262323,566.273153912062
240.463294358364,455.535549261062,604.308665695708,621.630249977234,554.540274608902
753.10644765188,86.3799535402355,638.874557354962,587.389242883624,145.778939566582
458.898511251769,587.036117557419,656.275002436096,514.937718621779,26.2391090919673
103.449995380474,63.9987034684118,642.57141672137,659.83070284315,526.330374521304
593.155679442326,412.022767572009,653.835352074171,698.259265221328,66.8873462588623
791.195386472227,94.9468393280243,734.881455743265,772.770389753643,536.969493334402
252.878484247161,480.942208632919,701.278790201767,694.774549391777,493.838247723804
549.691132285522,94.7435600550934,737.008503651003,88.3797703408371,553.014425852429
407.042032577506,483.855664667585,566.126269441631,520.083439056239,105.165260058557
737.370177322611,582.853709246302,687.99863796673,488.73470396368,568.914440550595
0,577.955300914749,658.798377425283,573.818907039427,525.263873124126
791.492879357941,88.9615606790122,582.297080627286,669.137669276919,547.934794708551
725.028394808982,478.710089139583,538.893868405811,575.071521493377,555.00140408936
510.712572683316,112.788871932034,747.575996702914,511.558225989959,557.809783744064
713.179074780346,347.942754212074,643.593836326648,637.693613386992,381.478826810421
740.555936446698,94.2680441048683,766.280975896263,644.984913021889,546.453682026613
818.040332451947,436.071570583951,663.322496769061,703.072761502395,491.341052674171
730.805289696566,443.692245799456,639.675830915076,394.629814269934,586.95032305477
779.323565791637,591.630448062765,683.788371463271,94.1048147043067,462.915413938255
376.040843847504,131.635773409667,745.42149000397,529.619600755405,472.511308427425
690.048877194218,437.774505635806,626.1785418736,535.951420769218,544.737823511
741.963508611777,88.6160743697153,508.424916078803,549.890989579968,532.035431801548
766.765575092312,573.508564228434,542.96675074358,607.679698256992,542.486620631093
742.836891902945,394.431580665984,625.752242044181,702.189230630686,620.185324482451
770.961465885858,480.114477378479,580.856947899938,63.3333130605146,590.158333117257
587.163824309175,422.409693768599,423.621481632342,566.421719978703,534.084404658999
91.846222524393,385.708820072567,675.330867144867,502.271883871286,634.836315244962
676.83234769153,467.864924322585,624.110495219091,739.717816350957,495.996195888641
730.388109448489,92.2541318456463,615.907754266681,676.591782775636,595.083165019023
719.512994429538,97.6096780818731,674.259187037153,50.8814800088789,569.765641118784
801.755643009272,291.109028421784,652.102881972901,785.064099646959,361.762740876645
492.375203365964,434.090905661213,50.4387426092601,647.090707170934,517.02611943398
600.397663759751,428.675744893169,682.616096436347,485.760938865152,11.408752717101
714.713252181707,572.569901813892,605.38755675753,602.620596923389,512.153652506312
251.236868892291,394.225619187901,592.654305345217,515.915189345165,550.724390458595
588.877811590083,585.081992363397,637.997958669772,705.570827977784,559.94090884675
752.876824793613,151.289514838683,638.639084320834,463.248445263544,521.700930959912
683.995291400905,88.4844723412938,723.19196333104,497.581735380761,546.285888213557
168.754592197242,412.076509235471,641.40492534838,88.6989236360487,575.186610214471
581.162709578959,469.045609720701,816.19907556239,537.742275121831,573.915997705797
690.114869916659,609.866167693736,729.549529384603,644.810416189179,544.701648543847
614.448132641646,449.840754892536,480.451887388527,83.8556786824445,477.351248705113
780.623367018993,556.591165739151,787.121079308863,793.29906934291,551.561062997597
799.936440558401,100.397440430392,654.721561707462,97.181861481527,641.937282109784
787.077360069285,559.891626891886,572.286174716701,518.044174774434,447.142873520529
770.658836369373,412.316566207011,541.539616333385,508.422578406038,486.864440285409
786.140060261808,408.033989825868,722.90391043743,792.902515541706,540.919175397419
618.065504809966,452.85745707088,599.636959223495,683.944647425773,538.369553497737
686.812950440635,242.716541812552,622.917513008671,622.227791772073,562.5327094728
732.844113379602,426.022427455302,582.861426330857,733.312671157402,595.081918895983
766.449388250079,98.3881353374123,750.050552549751,580.870654576082,298.790764339912
718.902075554288,415.547634374089,593.757089940085,704.481945610798,530.88254827164
553.425681207267,489.146604417361,632.447201144191,82.44109783696,362.892206906111
273.365639002379,499.19389172745,587.417377515734,628.397819130723,530.534395747974
728.167633507911,319.506251229259,742.808507377339,99.2559828669575,553.380777636562
780.290721858934,88.2037358649549,623.519545987436,582.916750867383,529.071967939928
85.0886208744211,585.464975434599,648.972389221071,618.838318218269,561.69917067658
706.935550404717,533.59971524385,612.731526635338,580.660232983198,579.299575063093
561.918925160575,644.596750834778,696.139246066668,582.655098855059,574.366381851608
797.791500287325,560.026461437714,546.46764236213,466.947668394905,556.880562115308
779.181387994228,485.886499527659,531.708311674145,545.075468830789,521.241024427921
800.294575652375,429.197941476736,615.926123368087,567.255080303596,536.981875045789
731.811088932074,476.755482367954,630.324791808069,712.627941520817,550.16724197373
801.445525428164,91.5598739338854,644.932861931359,622.967184168017,533.798048478822
91.6471230049801,100.255789035895,758.145383176392,665.347900243364,518.053648876494
528.466599458486,124.587880024864,740.56744047795,601.054517048909,533.143050034229
773.262256982052,87.2087316169826,784.157406252573,777.271007448548,565.428549061445
707.280111614241,586.981184948019,752.232628594697,82.7212150664828,574.875573107075
465.784204944498,87.7598179547536,689.67797346913,778.749778760383,572.511059256043
700.072964180482,620.423505704185,723.932741968754,87.5332277223566,476.937023565126
543.931817750673,545.782630972762,712.587020553472,542.874371617552,509.129680470214
742.876642560744,586.61205042898,684.849855495095,699.84554047179,416.422537596199
451.348657062918,89.1972976494946,689.845671065352,556.765092974353,541.383012083745
719.956328758028,405.800078372908,527.610302933669,85.8240475496022,33.1324943186737
739.719180393982,364.331009617731,566.98438711021,730.138303761316,564.647707841216
88.0966135679355,526.443559882649,727.695344331885,86.9582521918851,516.160789503303
529.156040389116,88.8636094180208,763.065389928481,664.872586582185,492.117095797391
327.381804948295,2.17050330941097,677.590051113991,738.898531252765,540.633344326957
537.621921433001,84.3043586078722,645.089608356043,518.801162815634,547.938684198468
85.0487393926029,581.318119642599,543.479087871058,469.589673938682,464.701802639158
100.362295685892,538.510183789258,655.628477342862,685.33692737801,583.638089773448
95.1801963419481,563.022405705355,585.008397352298,727.170225667134,246.655035125898
649.492139912591,599.292431122704,693.641586275489,66.3991263898173,555.793719288829
683.113410200616,593.238853758461,711.405515040049,94.2892739989575,565.075484746574
704.40647997954,88.363010392507,721.994638325846,93.9032997170272,560.626410598149
729.219739547061,309.426512477791,30.4278404216471,779.449566297104,582.805035528763
730.136439790626,459.036505532867,700.677741412789,795.44317186093,462.643473150797
757.466119529685,91.3526381148919,635.221699855731,599.421639391051,591.756589403265
89.2538822719731,88.4515269762659,694.447958534985,528.577877804765,378.898385232707
417.108492121199,572.798807376625,566.79670255542,621.771383968666,478.946298642676
628.932330079743,490.72558489628,686.608203207681,645.186784826055,572.697787848469
731.139992496874,398.596685033476,606.439419974966,708.359101398967,561.032353615221
277.067584036,566.741784308265,603.416684322406,96.5248517996574,557.831926138436
511.011762452414,295.642616786169,752.172821788103,730.293791427352,584.299706061526
695.96167000951,568.149623565402,751.871441822062,596.715312098307,401.87232618746
91.4867974333558,362.06480409964,831.268860350533,477.809387807411,596.298485426012
754.162565246069,83.0310569095962,628.675947100274,94.2660542921408,592.072055703755
742.279721931148,402.300209630214,759.788264418982,736.184691209257,555.877961210517
92.4932409879214,400.367609666811,635.374416640741,745.50707021514,593.375358698612
798.060696210586,20.0835214268338,534.552787799022,514.558122138303,626.500671567644
548.797966409832,499.259445604584,615.333051431346,723.455075849062,376.136025144732
604.645926015838,374.724875084919,720.711775066537,626.51011453694,605.431223630974
725.556981659282,2.69411931480571,369.842986615769,550.814454697357,656.799626510497
761.845055132171,497.057685861795,485.25795104741,24.2175180298745,410.278535807132
92.4783633423823,477.256375247022,27.3535273767964,452.044020129034,604.352277695343
743.724888599579,84.2821346374229,726.891313655858,643.289056548935,694.422275486005
649.740728159497,491.701324792687,634.252095482446,79.5507298889114,695.473975783422
689.560718053264,88.1442902202624,539.728868198154,696.519683710733,624.760794453393
633.292720326822,288.131211713583,631.733143725745,503.683407547092,554.217401860245
714.404279588633,106.328858651945,754.621457751023,20.9394878639825,631.999502026332
782.960064966373,467.935871358556,57.754649739747,561.507525144933,678.323607252093
569.656212056906,437.210877492458,95.0523241204101,89.6274281972321,566.240361851223
792.082810074401,402.589555191999,571.363819826063,745.910097959766,695.921403584086
763.009621865565,90.0905694590739,61.0365004736778,683.211727201719,647.928010567998
685.305789975738,94.5560431356651,686.235510763148,94.0741968567577,616.473210089542
643.289925776011,455.627108380107,638.969675859703,589.11281730374,688.633093244226
821.917755152488,531.9215672952,713.241437202583,500.05642544223,683.655361929583
719.425787252948,510.896301190918,687.967327900749,553.390316850341,705.271034066601
799.513590178569,245.688061124671,640.26669898259,632.135413812081,690.307344608295
812.678365716107,663.683027718007,651.505033545043,726.995159577468,571.823991948039
618.922900575138,71.3553342252556,733.036305539164,655.667501461871,731.361049313218
91.0633422668284,530.540341507003,611.011847459406,692.780862688564,664.11489851539
590.423893667674,467.963905330169,683.051454884994,724.774728883943,676.302018101518
718.322656557026,435.357068937837,544.650588571219,496.497859240165,565.630624194636
692.935783898633,477.332344565143,539.375356009551,500.708012485967,550.780405957171
218.63086055355,468.425634626187,753.967010166601,624.211148636942,602.687235575959
699.418019595758,591.80467270137,649.059116961917,418.632263403319,693.234680671878
638.918161446503,524.366865234365,500.578947088796,722.651355138105,267.755074017472
573.38395756958,436.591064293876,711.817690588427,522.710263824243,710.029727066933
753.446616782258,455.613310931164,697.835505091185,703.155888559351,690.024692091907
91.2821443334145,470.877261353311,619.722913947255,504.701029475016,427.412368064362
597.971302130106,212.099001279741,715.14955521242,770.22200436995,681.787698234733
91.7256575897729,90.1993770947989,500.189165147513,642.341585080059,544.074086604585
596.684418094098,73.7976775498525,540.275902282559,603.370520378283,567.565271287868
126.433757725787,471.346882213801,766.437966338009,589.331506356948,664.634335376728
662.436939596964,120.993504324105,652.91516722176,559.503442988891,718.405095968382
2.6497232328032,302.619326139859,694.96956302834,641.621360878942,397.153947927044
687.74026322538,92.6204707297569,673.978570378659,430.83686757297,732.751446342681
759.637927803924,475.769077554456,706.335808371434,86.1698989764388,713.583470039315
717.009846286164,93.6512898681448,689.375700798512,610.372710662722,654.802007210933
711.757457532576,492.43757328875,88.3704024388753,694.060329648165,716.045247577437
731.655995634259,500.805606384384,544.786385938785,597.466422401256,668.560277348496
569.270602263582,87.8752581579107,621.434870693072,89.0177320420903,87.4802515904634
654.909760444054,470.089002730896,521.006571652417,340.719148683917,714.412208016354
638.678021361921,622.170203332339,732.030867313097,717.544998078545,638.170600536767
770.77361539055,483.554744108325,537.490221394313,651.999646609458,602.932610317047
706.180574937453,569.30211807486,517.54978024472,456.142174425327,579.53058070615
729.448701084212,89.5885415480441,730.761892447604,619.693633815791,712.816850300465
595.713196581612,89.2537624065919,718.370191534281,107.258867875965,638.673054974035
623.827725956702,633.455050213603,667.460339922825,640.37979236646,709.158099483123
749.506626736785,94.356433077471,528.94106838169,707.310581102299,653.245677091757
772.058960435651,612.196560369129,659.447741559664,679.375680323987,473.761840441514
763.307643267482,83.2627559749616,755.156480805576,467.741424184422,690.471594563724
25.7639637707614,85.2104124852593,654.653562258542,94.6208229120165,650.399599871103
761.868313967238,477.632430477702,702.180392561972,458.16896398425,520.880042796498
602.113076623827,474.257397952165,568.564990795962,591.420396795792,639.645421370323
736.091729202244,85.5420497001568,343.572382952069,372.224711821305,464.681215494252
633.776680023005,400.903049511116,573.569541790839,757.509193266135,411.022611697967
651.444928339052,670.747578761726,616.513291988422,752.700548333514,423.85332410298
751.645186829723,449.050440983166,692.913990878374,507.433962225963,707.447513348571
750.678848744732,478.696036843575,650.612582003138,815.674105242142,633.219120008684
716.513827545262,80.4594665810256,610.025900007161,89.8747619902537,681.534303080869
646.447532945244,539.788713195408,647.515245128604,585.892282450057,681.217265471927
612.152922634365,540.099525177399,368.52179067728,616.339906910457,501.298793963141
693.347892560301,461.874321619464,626.179937908827,537.163095061895,692.744554986069
91.3926230562593,603.944670270724,608.597914390987,93.3032988310482,678.771771690347
670.463627016945,244.335926492754,660.942285748712,88.8711858058624,577.5294554876
92.9777123463748,86.8747280917587,646.439479195044,582.989460464883,571.008026271032
426.724468668519,499.954035872598,452.162278452994,806.819403713178,542.962435321878
699.427895813288,569.036040412829,662.388094105315,685.15410723085,697.522126201318
33.6017046910987,86.7062875326059,639.13558062442,603.222022539145,688.486690095071
771.240713312699,572.346052015143,723.595017379941,596.900137818939,533.71350584631
674.686180842634,406.620961832396,727.130009752593,735.023789695261,737.434094515244
585.834030170366,481.714277775431,639.351383855903,704.790312559028,519.463450904075
552.166675462315,87.0101558960369,574.711765606509,608.665765397623,130.362751532436
826.569860171636,644.469567683175,661.999006029569,663.120094623925,503.670178049219
611.948603732448,446.337126026303,599.36415540246,610.396471924105,460.035319223245
807.986096745717,85.3367878242496,571.29364537038,89.4422411912998,665.950752731048
831.331385255243,189.824311924508,493.071552147776,700.846524376831,631.044442991748
798.952129057587,392.689493192647,658.74844503565,446.437628417804,633.351523088426
88.000240623129,465.552663964424,627.733807941225,633.041170474309,680.813835230057
577.02796262495,85.8051167201071,707.525513116198,522.549434553963,425.701621365604
712.331750155792,600.122316269797,667.467580149052,605.601219707492,651.667723145491
754.970632255042,485.470702199327,679.545626934368,89.4225247891716,659.257242351854
705.90207402972,542.537313862914,565.40188488285,479.416583245364,25.0882962824641
783.694904787423,186.329136525259,523.515995572662,659.464690626525,659.071405535254
87.5686835148577,88.5041059042448,583.342201281208,692.224677700021,378.478646742721
747.456417664882,92.7723551446494,326.695330502645,451.80540410996,753.876464810033
528.291906141364,179.709499589655,700.656274643285,566.522417772305,634.550538355008
725.093855637798,497.076125962248,742.936445932859,78.8662169303243,587.8804103522
703.761393574573,544.233178164905,713.274871479847,680.209955141351,0.138722851976758
727.116420090714,522.378354575091,625.571295814453,450.222611890026,710.435689399404
769.765319005261,91.1679289625184,620.591143148389,504.231248805144,539.673632758085
744.805364606699,90.6762212609812,779.777536416989,596.177123258409,549.794581619356
675.457821577412,82.3882418365242,737.313565373901,475.190917019372,338.285944729009
746.232978642497,78.053511269828,622.975461716874,461.28213796155,635.723724657553
712.251924786012,555.321619557701,667.92173847571,98.7490774019137,734.60547465434
718.055777354061,94.8308828028396,723.11757688038,728.789622944248,732.255350518133
242.656203489861,492.438058628375,666.941250041955,746.0316569164,650.995073602264
790.819505541015,381.510669127215,490.283191206423,554.524477563362,375.695296529569
378.124099000384,615.376495274939,622.994940076189,521.746758690776,578.796997272875
698.597443471465,82.9427378632598,635.177946281639,554.225076718764,650.231435572578
722.079747689385,478.937859404952,631.512977440423,443.708413517447,603.992875441674
791.572976144746,99.8755748163438,655.462442797633,595.56356349738,462.389945037502
652.034990267788,430.901132493614,613.034171831895,650.133409817159,667.490050711141
682.510631846782,422.843344076096,613.402923933147,91.2310520927302,714.355792724226
766.196597918471,85.8499282565201,553.707455973997,609.393516795622,504.812061991821
785.777033750342,615.608925394633,426.233134674305,95.299381136065,693.754949039303
602.838448472568,547.211491923978,758.556967071531,257.844910998118,698.930695088567
577.815845938396,537.231757757192,618.863413296071,552.548819483373,277.26137641907
772.223718191655,50.8944017358782,640.52085768124,610.4132161669,638.266349566098
745.085857901579,157.41904400628,338.407241590663,475.620383778926,634.99147590591
724.698519131719,582.377802240117,625.401902497655,573.456290320072,411.526371536458
777.843744027741,83.8882686462737,646.138971744762,635.846704931222,657.222192245219
622.924359410355,611.900528201027,444.330613745865,709.021457193937,705.889892299699
731.947653489875,90.8253154507018,534.9557631837,603.973383944994,672.101675002719
752.658906127389,83.5834832372925,686.839446844835,620.465860340607,498.60201679941
792.258063142081,83.5425321164433,497.440462023863,601.98859690797,648.784784284555
803.473483184956,89.0880148250004,724.805128683211,546.098682459842,588.621147246288
711.180067121779,86.5458827701372,658.887771696556,544.38641850014,500.853763068123
808.267019826676,208.486311096657,634.160889327023,629.750485536743,633.541291966237
289.253247119048,91.6468591096132,712.438917960569,595.966892598833,637.973943281767
694.853326584357,567.275156823671,718.021492696166,586.353149352102,552.547754408687
784.72188853619,409.85597667401,625.153781101538,144.795981137217,78.4191940888151
527.773313825407,572.441328995412,615.088114704273,568.194477923234,607.913629748748
629.34326870135,574.985676314481,549.447414168084,629.045649756349,559.109783205045
808.123347037232,80.0764576437039,686.083704158355,637.362037462587,619.289043587299
689.229621349671,361.189689918619,749.521519613095,517.365549050878,639.969256421838
648.297677131858,457.744544659271,748.611489289357,553.483697838321,642.807340811913
521.730251062577,85.7963791922938,359.558285918873,629.379643134273,680.950057510734
610.803065592254,23.1734574143258,781.758446939538,508.763167762093,457.158572329469
766.988156798182,625.616302979056,627.261482819422,544.243918005622,560.542235513281
783.877734476691,86.1930113827984,64.2953457033909,461.958078917316,641.479764500852
772.524692613394,619.223268996255,683.803367138243,621.372246257373,613.808234287018
620.343417775471,546.570790632276,673.928574038569,623.586467343392,642.012653606752
740.556052098479,438.178534635524,685.314817912153,629.136237292452,705.210584624648
575.190903150009,224.922148218244,451.940821667807,473.164374639348,729.399154711004
724.960292412405,413.652873585738,632.016844756076,509.823629393804,673.61628145516
792.549944724364,86.0730277673019,695.738883169953,509.817101878697,89.6757816154916
744.241531426278,88.0115585370752,659.273176239396,108.80309087534,689.630732249487
87.0549001330683,534.137453720851,621.693587226313,696.37019501157,636.20233651039
620.726374858313,97.4653472732846,720.134513930329,564.675867423109,570.432481383346
804.36083286425,607.201680800761,698.726108270884,68.6253123006818,700.040817247322
687.268947908346,474.536328415153,556.87092235161,454.625321849985,681.328934269936
722.978268295829,577.262622185104,751.822192067957,659.678784982565,634.050222242672
576.902742259684,89.0006075526967,606.239844033757,158.589665093205,744.886312095252
674.023364605477,514.318766612345,630.935291556127,667.867537446208,325.027878460098
763.894356254977,81.4028437179489,672.276285988147,313.189848091895,587.137796985816
766.763387144862,84.5200489077974,532.497428621253,465.386854194618,65.9406916113537
743.962674743949,2.49292330462743,779.634462355797,690.673761878407,671.246562988315
637.539548949828,410.132499443446,518.892483030971,550.182384651826,682.066456568707
642.208290181249,91.3032070377506,720.019672056204,631.999306226656,587.738776507174
735.503106001214,89.4678059422724,513.351754100838,391.574497334298,699.883778876489
92.0165326595909,551.233209197695,714.4833069961,625.58919206161,653.955426001882
566.849187065619,161.447964488591,621.134531553395,88.9138048910062,636.758217692509
660.783826967784,260.240313860282,450.569879464229,553.313347858684,675.400079462326
334.782371907707,585.904532706978,769.757767989601,627.058940261965,539.24858633053
539.71670065384,88.1997706355233,690.984788578441,584.881138804303,685.664752103206
764.751461211382,617.336155851421,642.675666029829,543.334436094533,625.582193698043
746.083290020915,430.703988651829,665.095284793834,469.627904705119,506.858108758995
816.904074288075,438.904688093488,616.592259170037,763.64622230291,696.638245538614
745.697643550053,432.092499269257,723.667675222241,335.484066604602,619.833976926988
614.968455312614,515.220950657603,653.401842590204,619.16598629364,684.571481490355
553.359749993667,64.0322771599124,645.949863211578,98.7096069370169,668.452536437845
735.676163181849,418.917331277513,560.988719634665,547.680996329298,300.626327490619
739.154576161135,409.280447655866,679.250959921656,610.68222557902,617.111714599525
740.539606096696,191.508283120659,695.858948930075,483.527919425886,539.708827830093
575.124813175249,530.057010013642,770.331065542173,653.348216267428,628.00808205576
645.371924223303,595.684100136546,673.097739740046,361.490618779021,234.376480507148
126.151367206295,90.4663035677773,617.321762220692,667.06925728846,301.083354762847
757.953172494227,576.781141176926,382.985705995453,305.628953703208,679.541825843943
91.4467059546629,330.418731092413,617.555635427493,625.857294856305,495.04448451921
219.639215151817,139.734436054607,224.160052044705,705.592058761712,541.879953670118
736.362309796969,557.289941266046,513.431865935662,534.200514558111,653.514894552535
792.915489869106,437.46827180846,702.612696140009,515.408422847561,730.276658419652
535.943921234481,444.572882020222,554.266326215059,677.892180034021,669.177699083082
695.391500296552,528.784017238556,679.524223487709,688.027280492186,633.993879030466
668.392834466252,8.96788467003596,647.315365806839,731.813020204068,684.826973039279
737.753254469657,75.6125548123113,602.939493436599,649.661744933174,482.695859189071
564.989374176029,522.101133725786,677.588528495924,596.46561192375,719.145208180168
515.380045267253,99.4896520340622,749.542416068934,519.103502275344,530.366874740739
90.4321130496596,355.378573225706,648.245988512874,463.992449387604,605.063545200134
712.04714230499,494.743613169122,607.909120582198,695.054731836477,666.937767120213
754.888176319254,543.535775083028,694.643943818482,560.108432946981,595.325679383925
789.288999921888,380.144981551215,552.318804566925,459.711240198606,663.452862851776
463.031625289958,121.72813297102,656.897998628453,356.774237565111,526.585974824384
764.839478130799,561.73790215652,639.757708458867,504.298129064106,673.962351753991
714.731432420652,90.8523129216776,483.960716699056,787.311364669197,729.948671655922
699.62487950354,478.28597790495,559.160643113367,684.258695217795,627.02360361161
578.05126237648,120.704900837036,528.803078709397,735.283055475906,595.389945798645
740.691595405496,488.091091485878,633.663216349009,603.684226767754,556.652112612011
707.938052184002,88.0058137127891,654.599295434001,761.775433749021,550.420904706042
777.067047619477,95.1094233325741,637.658111987608,388.3475084244,637.141772386504
796.156003232137,274.349716556692,517.747016627655,541.553289097313,635.52859376742
695.657286097912,397.466398526487,726.02224654265,215.775627395142,616.675786875379
761.684672286563,404.588635115335,720.865342101173,740.435792768982,673.598341320479
748.183142303634,87.9170599925903,656.2527829057,684.139030347982,717.699704613446
726.062845563445,438.387949038378,726.684126411713,684.543995881516,639.472653977277
94.1829029160478,91.4724761693729,501.425491399167,455.7677659761,705.339823425202
767.580873890455,463.260110662689,223.496119506735,526.367557514575,703.357987941432
728.992760674602,484.096654962914,464.844287709013,542.254060429156,692.030267798628
478.773631279635,508.520823027271,649.040025424209,506.622556478408,613.255029654937
679.585809928939,561.460489389104,659.557520644751,92.0641248204708,647.847584581099
672.692755508586,89.2559378260949,762.986912952374,645.033024171226,659.428421930822
725.209326101735,90.7796882829235,770.563396694867,553.494720208316,639.892299723669
106.790959065872,535.471958563049,544.169346251697,430.1518652671,724.252202482458
716.506135336474,335.592130607999,632.274994316977,92.6991140498858,673.119474657219
655.558782423015,461.670352547673,650.494849867949,91.406398240141,452.057022171616
765.036535796825,86.6256450954543,554.516139985256,681.27571353156,672.164807476544
719.44641889187,388.62915464374,611.655979562246,576.506973477128,639.74545066798
731.837724861756,396.663545494631,537.748064578856,490.415344427192,640.910013021564
735.672961856004,546.834234858416,519.032064726675,417.163153478069,534.691341998302
823.625321668765,473.220488354072,627.605150020969,632.023529832112,571.771583275624
757.055831050567,97.3977819900343,764.100527009429,313.803137677304,718.1758700697
707.929230654056,643.686474251786,725.734612445618,567.75934509479,649.796014597027
739.508428844062,587.988087491833,586.613473520985,566.969381490221,566.042434653843
771.108259209498,91.8184535818314,174.471365921372,359.010463568471,655.048591487352
648.235828881635,352.580368957836,661.206807106651,505.042464429911,664.227663164219
770.777861162904,425.254915013155,707.779721338276,590.724155529169,693.75984061385
745.497007466648,99.0922278657209,379.173079595318,544.578412996615,689.540295325534
685.534174630407,554.940759723439,736.597302899976,495.743131974768,699.626652654635
752.968080241506,89.0539294163383,611.575336326323,605.082033848698,350.418554494477
723.152827580984,408.047385293286,598.213549014548,324.616257584357,695.036457961419
718.024617897034,87.9815931631817,511.171608847767,594.176285851089,602.509607720238
741.75324550625,93.1558601059281,732.906357789386,587.21513847002,691.765361357777
769.135020923766,551.248887468305,142.46345378666,695.981279973726,642.411277055379
799.551151774327,404.741900538578,501.274995834437,502.280601889296,612.968994969987
673.294144775539,437.176470749104,708.95824836173,445.456683669629,639.38088714688
684.052369128132,534.503483887769,780.005873760752,677.726642178195,642.258497591262
705.363059688594,515.561248416323,497.587831515474,579.447266272956,643.392896098819
817.073726927359,481.418277175265,671.685811341323,561.540999874087,647.666650497509
788.574631976705,91.3529605235284,349.788015366356,86.6389182595259,704.08852828128
698.397398266818,455.338144975597,698.434278715905,250.462890862581,664.12777169766
697.578870950484,444.866509508095,653.210472032923,541.634942189698,669.849139544661
722.896826789742,634.696294563607,803.502211918283,710.206130141174,589.415019777214
329.965744253637,489.746286608311,669.085067346444,418.361853883192,575.538657979485
764.624150885994,81.6269518997388,613.57218586682,493.683052983909,546.539535664102
781.632710580748,503.492009391487,611.744875454134,224.797978260885,642.421610135124
774.762611287592,394.926476199995,643.136303638712,698.226346534121,690.534402052029
745.012325101776,482.653858690788,718.967404148167,424.488087126281,702.703995343829
699.146055666111,495.147254214718,637.788607972648,434.64052425449,647.68211396156
382.905619390054,534.633724078057,26.9920267059343,423.30479477351,652.684862286935
93.7846323731262,426.623679702987,604.920261507239,601.509453582253,677.816479525985
36.0972330612641,85.742769913334,594.226325682768,96.4857798477398,663.759739656754
610.513304915031,531.457122579403,680.07262667338,493.862719742799,700.73877923773
739.672364987327,86.2712943132989,729.156941370006,581.102732064296,603.863093171464
633.014484895125,526.900065530711,672.480768001911,710.209668988628,687.226750047684
756.486130782506,454.453496301399,733.098164578863,743.692716133667,686.646637887002
324.109882500879,229.240093074963,710.669281920789,88.3173794555198,633.604211002147
736.26490635908,435.731216369324,431.021625790557,560.97629102622,656.128940149364
726.23884034217,398.989035784079,690.724228398685,455.044805248027,501.942778360121
727.476330999962,85.0235393635183,53.801887545392,406.667907961664,607.661330441581
583.689892530388,538.480417110769,590.632642461157,718.673043847372,549.797736208539
610.938259918915,86.7038883336283,624.999083566843,472.716011913598,669.506105683193
639.13591102615,599.198330499513,715.074889665876,675.747930909618,605.718981291191
742.015650103307,519.758793734263,203.650080430564,658.452371417958,510.29789704091
750.115841455376,447.688557905234,604.357225485392,91.5291485033165,584.708861371712
356.242559159538,232.993612314762,157.012101121551,631.610082980748,660.081755651193
624.739292556844,441.796226184587,624.911542391568,94.7988847709342,726.628986581652
628.516554138235,547.376141485132,94.6265342522318,635.429814053384,643.20083704118
720.792979869206,572.27571140109,714.028718993462,93.7115433442201,672.52529023013
746.1996287502,439.513457418441,665.802816495137,95.9286585759775,599.516639853379
480.722570270096,498.409021264269,650.33843195867,659.656339359255,587.922885697841
753.288411724621,635.323486229566,684.962659194821,646.258176894519,653.077276134523
755.107448229825,86.5023078073524,481.103832736887,684.389107710406,572.928614151108
604.076482865579,85.5561390298227,103.967463079265,351.86424614701,641.80185683016
751.37354935887,588.159469190893,234.91210125898,708.530793473707,694.367069813061
744.69785850672,90.8652006253721,670.53614914211,439.378320772717,745.66028199803
692.744677974707,88.5109932313574,396.248616007109,648.947686500803,717.522306381894
782.692776381318,85.6784590954384,588.389410714668,424.080613654602,713.217702868072
321.156014961971,547.175992032474,154.991873849742,91.0009621201077,599.455217841231
732.744920329788,637.182362204097,642.914196191199,643.886721270559,555.072100657841
708.188575261642,89.2854425645369,624.642383404537,544.660322693789,614.154577814429
86.9607316683891,475.484637484099,658.306875286124,486.108683658588,699.780354043528
83.1438732723187,511.218373682488,340.897869417664,612.973285360243,416.413324701027
491.924543627885,692.71522620605,477.697290482949,100.429991266025,603.113705094544
750.856808295709,89.9138528072006,693.084075350399,485.992119033505,625.895160290081
593.99551695823,82.5761069730118,610.66851616194,681.260606064459,4.7493523517679
581.761985706389,570.490046927487,462.115647303982,355.94861614544,719.079798695696
288.738861180357,518.651017183502,646.42869982755,489.06376210351,650.40831267159
639.225755569939,480.452018123524,714.568450865098,752.123040142312,585.922910823446
743.709245810084,507.865553901458,559.164630859672,461.432690741668,657.064130675785
750.332464615397,547.690724938111,615.342005739111,536.764551841167,760.548609733172
391.693796585224,414.674892716985,147.601781014607,570.877582729733,554.429300642221
781.473608969734,466.234313037539,748.756671715452,406.403047711247,663.076629425719
84.6624289427583,517.570289106218,652.391224951227,589.557831415308,673.567660704502
538.465360644976,446.110473235022,492.719748995396,81.9254536024045,486.470244094962
673.027791841345,487.780453107519,403.777417370333,550.979354293183,658.718162520897
85.6544247422208,80.6395513406694,743.891757115066,538.698621654896,614.762887439239
758.084370241244,479.623892259802,106.885118445343,389.838302702482,700.82615701488
89.5729560392342,519.58073826579,112.919210156911,510.631241991369,667.045179564332
566.998932108522,465.298105490114,106.760172001487,496.443965662963,440.764513280427
