revived-fire-166 - reward_sum_oracle,wise-snowflake-184 - reward_sum_oracle,amber-thunder-189 - reward_sum_oracle,volcanic-blaze-215 - reward_sum_oracle,comfy-glitter-232 - reward_sum_oracle
216.036941954539,0.430555593435795,38.3033594753953,1.37014514083962,82.0677159948714
0,1.67490785964043,15.8441861945176,230.761403284667,0
0,0,0,12.1706105115049,100.132190089814
0.10184400700647,85.440267472864,185.284140777531,0.07377170604266,0
0,28.4557368321132,0,0,0
0.199234217879931,0,0,0.579490524872905,0.20915426266235
0,0,0.738388838301756,0.013013422314864,0
0,0,163.177858035739,0,0
0.221567909522808,37.6238548051398,38.6927791476392,0,0.083422517615491
0.368202581453377,0,57.2246395895083,0.000579928255499,0
0,0,0.183467356270416,0,0.092303612085642
0.001582564596746,0.088068092980309,244.243772120357,0.506697436882752,0.293311461497749
0.459992748892939,0.204374138859884,5.36115263692354,0.205518071591503,0.158715050464074
0.034156992028197,2.29098513962861,0.31967280587334,0.60856055589704,0.29109850477027
0.067907810730881,0,0.111183002547982,0,0
0.006046356440002,0,18.4553743617236,0.384272255478989,0
0,0.531140001701097,510.163490980145,1.136657233364,1.71370070628172
0,0,0.192053265306227,0,0
0.082820964398344,0.04923776351045,0,0.002530370021157,0
0.516506865132668,121.875192365534,274.976947514171,83.2116363028896,0.003716143642209
0,0,236.787483878603,0,0.265693564408032
0.661366206823695,0.036216295339597,0.039358911279279,0.169998798502128,2.96146834665379
0,0.015570453385058,0.004823229098438,0.473057126007344,0.233954493011782
81.5162891741492,0,40.2730292746652,0.253061835440153,0
106.223864500434,56.2264044872166,0,0.542142713380716,0
2.81063748478474,0,49.3670225850822,0,8.90200715525422
0.245684735636902,0,419.631988301734,0.379020397915798,0.071867479559664
1.23157992243259,0,330.004271160279,154.285557578986,0
25.5256183920432,0,1.15042900206714,4.91862513268464,61.2438112433919
0,0.308958547583839,0.063127263132324,0.03964205753671,0.157837304728076
6.13796057350086,34.0660117285393,368.735316137201,0.546249759559982,59.5008613077381
0.393820359254394,0.019979856521513,83.2823659005224,0.155144334141763,0.268412715894274
14.8005508007556,0,3.74704541336235,0.048009884784692,0.232722060216535
21.2905138797304,0.371053535704048,50.917122957712,0,0
10.5402373982848,0,378.361842770614,0.46671266218919,0
0,58.5943274046157,34.7211265747034,0,0
0.000912631835377,0,32.1176220421769,0.128582093856058,0.153880989998599
0.511541746354726,0,84.9646019462954,0,0
0,0.125208470236132,235.313190211262,0,186.721771737925
0.152818457137045,0.386868681609078,43.9658751718081,0.281722318246924,0
78.5494266889594,0,50.9971428708886,0,0
1.39145503602862,97.7656958285041,1.36166813140484,0.743628513964431,0.274781805261699
1.76055377628875,1.17010229597839,0,0.104185940451332,0.485755307726179
12.7276958390612,56.7927829921671,12.0839698712307,0,0
25.4850199074412,0.867624186298527,327.567651175859,0,0
314.727002178985,0,0.01568011335935,0.48952725038186,0.29649106782333
230.967295473034,0,442.837615879714,0.197733763077059,0.314797024129868
39.6645815923852,52.2514808111654,0,0.287987106632159,0.227049868673561
2.75197658966152,0,0,0.515496496582255,0.424683118346979
354.414491941965,97.0098825131862,444.383804332973,0,33.4801039616597
3.70697815018122,0.516346003485812,418.183285647199,0.163333431335136,32.3753423220013
32.0686005351528,113.505529083669,0,0,61.4127381196041
32.6378249420919,0.002631224147433,81.1144073702587,0,177.536498581839
100.053953626166,128.478343591391,0,60.0776079608995,52.2086494413071
82.2995528493498,6.39341628538701,400.388061921924,0.045709888148381,166.728275042588
536.575962541906,0.493188387060362,0,0.000750699550634,0
557.097429792133,1.44752295871123,427.859264340205,0,31.6774998235538
363.23020997144,3.31925719292038,412.401203709058,0.759139446504554,0.522410038175636
222.271643491562,0.212043403149446,0,0.149860787859499,0.002379970614454
29.2117529319165,45.0749585478698,485.037833877441,0,0.147813706188296
578.213535655188,43.6760843233667,0.067249254102989,0.151954806286419,0.175907673031867
54.0519638408621,203.064607258457,48.7935836206717,0.009122514270844,68.0888047566564
79.0784617426549,0.032351296042749,83.6760787433303,0,0
5.59699425180906,46.6146127056229,492.640374418748,0.003943414407263,0
118.71192109928,305.602540770935,0,0.023458146841223,2.45019985175912
14.7659588389918,0,453.922036546423,0,27.3097587915916
27.2211924973482,336.088041297202,459.341660358656,0,0.44058035217559
6.8021080848986,62.0479195748807,519.631922974935,0,0.083058973845724
0.012702652110507,0.040947418046406,519.806439465403,0,52.200913324174
90.0560527481844,0,425.751652885068,0.06406527813005,9.34707698790458
2.38118747411159,1.44858833609959,508.224309372558,0,75.6601436651687
9.86098196109807,0,548.201809605728,0,0
0,47.7455857627639,19.6915258822423,0.065936479945906,18.7566518462501
4.32957066198393,5.80056609764077,107.2150577566,0.093333080643418,56.5401777145272
28.8523345204189,227.400663129506,119.090235790719,0.0115422367866,0.235188683664989
64.1976352446119,0.295265950463437,447.92915284549,0.000673965961284,60.1999316978193
12.3391122218542,57.2389939044098,444.025241656549,0.008874233030692,54.4773574787492
0.364339313377023,0.036145363345871,56.9138340900242,0.11884338540109,34.0475817931242
21.4183239931173,0.694834777004293,387.365162601442,0,49.1540803525776
0.352248312048825,0,445.382433885441,0.05539008738705,41.8790451120235
33.6253280488418,91.7398626350829,178.692317543973,0,157.649363977451
0,110.299848370528,506.927830236831,0.344457130400048,46.6669034899126
0,55.1819706542285,89.0853862754627,0.02351925196789,149.192088023073
39.3606335025358,79.0764869959863,365.32447984133,0.037930761867282,42.1667293330614
46.851467813537,79.9846569926104,365.138479822688,0.13938651962171,6.58690455564513
0,0,302.782138734104,0.191247911218763,34.3988225481284
49.8104911050948,120.52994323018,71.9719428855058,0,30.1131030351352
0.001445210534937,29.0135654027112,0,0,2.82229079179952
79.431784870304,104.030196250096,0,0,27.8898857959501
619.530463314731,51.3519069891417,355.868301959661,0.018461911123569,0.813813076806443
78.1624728645779,79.1323377314348,499.963745050194,0,42.0992397306312
38.8514331096731,26.647848694129,0.454772095224435,0.054534880714864,40.0011482345455
0.205062810056304,494.119310064325,430.705603993001,0,0.070276151656631
0.560864281837153,472.098220166434,478.148174315873,0,38.4180793219385
583.825316874506,0,0,0.090726717251709,1.02618007867762
560.026904389757,454.562733922685,460.492387033058,0,0.07707915459456
78.5477225935719,100.404202633458,328.573282263886,0,0.137355657473852
504.272879715446,406.599420365829,266.899759531444,0.245993465999997,61.8577360152284
0.059820689891823,48.509911449658,363.986531790226,0,0
79.32569532898,35.0706098063959,497.77978975931,0,74.9232203966982
57.4866555442794,451.013772885675,296.886870791734,0.01101757266832,0.192395021307161
92.2895448165454,425.573846151561,478.289474455877,0.554681541955607,1.33332436516476
137.67638844316,0,328.318108306576,0,0.086948547756855
387.75702986257,363.713179639593,490.226038693241,0.351346736525704,29.5348799166051
360.969185294239,370.041709373039,245.706833691337,0.446638313328199,0.200850676353516
13.2438042798915,55.1594468054356,527.542245485545,1.64663717965803,0.591042437416697
0,498.456554147159,298.246986606652,0.222701614145289,0.005515742400106
0,70.3705666733491,374.144582239302,0.747958266139701,0
0,410.379901071831,417.765391908185,0,0.003204918137887
1.85614112676965,102.430160049182,547.178134609931,0.002492225569306,0
85.5466868992188,299.247902886993,4.99116152329075,0,0.86928211337056
492.005004931128,105.111655173392,8.91468038529539,0,0
89.5149573324947,100.922239229776,360.325158715743,0.030153731397983,4.17641896653679
0,424.816011647844,100.483430706147,0,0.255695996055683
356.115778538272,434.044812314094,0,48.3965902612875,0.110643212416437
90.5158903767419,102.02651693738,488.382487086397,0,2.38490606630776
0,404.83796443903,0,0,0.089073109337788
434.515421795189,0,546.055341638985,0.015542238773961,0
56.0503797788364,26.5244477323982,296.378046733277,49.0597252975205,0.25784884170715
424.840516688754,350.660994102339,648.978355029147,0,0.166106054371096
596.628703147388,437.834213163014,105.626376205549,2.0399519695577,47.6127206772633
0.660047857849195,106.291877243618,532.122390818966,0,0.921527906294511
15.5447467117041,434.517672737914,508.52406634717,0,1.20671805632809
78.9275975194806,424.59541125981,454.292595222369,0,0.645662337641484
40.2411199037396,78.7228333293937,0,0,0.352358673026664
1.04545642624883,462.63477673945,207.108196922683,0,39.8175165048952
585.630645054593,398.92804545908,517.624638216837,38.8476189421268,0
554.520165394502,364.668268802523,0.162412658252915,39.7353017251411,64.3577444481269
4.42059124318813,422.38035138185,573.1773123046,0.000808900935136,1.80215534002737
75.5478159160962,406.113966189141,349.499316002073,0.112599672535634,21.7475489818129
0.300903043309352,0.311188057030385,91.208240934389,1.98421774863564,95.4863238654025
0,410.357087319872,477.312018714567,32.9649166681236,36.3746694970657
17.1731389155681,399.239354716916,6.44115436474825,0,74.4611039998283
0.060811398402045,416.552276191538,359.004018320423,260.612666998774,44.287033137853
547.51659912819,397.288333583512,2.91695997893904,44.1432455397584,81.3168831040474
49.6324664522853,77.7083934798063,526.678281654418,4.55305822884277,308.01261576156
2.92162888964211,109.318639374286,240.71314300797,0,356.025016061116
80.8024252126688,436.600373357302,561.594967205157,2.12917360366411,90.7179160312762
43.111325494231,7.80955940435278,182.462549909692,151.670796734461,55.3599624222756
41.6513556092806,4.24681484178629,421.339501964022,91.0827856292462,302.364421192543
53.9691236040952,425.905350505707,362.761133974825,315.909000646671,289.109565555921
0.528778803650114,197.981672463656,504.713012493581,4.64062608959795,287.074531683516
0,461.792479824874,119.516572665583,0,51.9567836820116
55.3046206840714,0,375.118254931814,0,321.849735564309
408.436390348885,105.272165401,401.602444781213,0.848987448929832,103.086350819083
0.002274456926433,354.292085548248,468.03512316419,3.1396332903176,364.810820552577
0.498118611977949,448.694140655409,406.288587341531,0,248.261452200146
0.025491078200234,94.7454000735728,470.907770173879,0,218.847515535115
1.84488682459574,107.377156027672,531.318574355108,72.6402897088883,113.764653744762
3.02571016878078,462.450362089315,444.390705132802,1.25443527238101,144.066377500956
2.52793833465636,422.740228743543,454.722841369473,0.097302913482022,319.745404453962
0,424.283893713859,280.232024400202,235.241173379282,220.237163514442
611.055854563775,462.06877666492,185.59291908138,0.055345471016129,394.264440803836
87.2520912873194,422.989076181494,22.1293538180309,2.37793530589646,17.6147034460428
93.8705222491082,419.45364603936,292.058285281704,0.090110469220176,259.166517761636
0,398.464294593627,462.61782550557,39.9835317156127,105.772444447079
3.49409867161391,24.1176630888682,500.130316339195,219.717631045377,114.150386672019
0,424.317574808507,106.682296013084,148.485286143622,35.225143545895
298.031591795686,422.844643564,259.737861783352,94.9619427942064,109.264589644482
14.1810254889137,8.16831218257418,433.50661184991,22.385537973157,106.190967696344
0,413.168340371593,576.1969359573,5.51711412485359,106.416731498656
80.4969656657456,460.787799109916,627.61624161643,0,47.8350739336217
0.2277451327479,19.0036941087014,361.939042672695,61.4846357153308,99.5513382685759
0,116.049916152856,600.703224909292,295.844503512879,117.400658887624
90.9094214911687,5.93065733875723,0,49.2951602379265,328.874019550328
0.715706821045868,108.862198442091,598.072245575258,80.5993034633621,302.427542422417
0,372.574108372681,573.664577206268,0,99.7591777763287
2.77909213944942,454.093938269807,114.058811880067,10.8926251849038,324.438082820704
576.766725663917,14.6323602537199,578.595450236308,6.876802065069,106.777044112438
588.224782532417,170.118720743791,544.780915108471,6.08098195548394,109.480023586082
1.5773762900313,416.620117900722,444.908120722012,0.022263139686835,305.69889406964
2.69230333343186,458.177768020908,0,66.122491234674,114.87100542916
615.345429434893,107.274871746266,610.023700453406,34.3798838982433,414.965934080512
0,288.580521178823,642.873742970383,202.116059469608,0
2.89042467679315,464.6966661441,492.547326986053,190.149639198672,406.949678058759
0.003009741979893,114.764390255608,387.422669791734,58.6630181350584,309.579663993894
34.5735096486375,405.30935965982,0,202.016888761606,112.850240472606
0,169.770584280645,0,84.8951465714021,134.391808938677
571.946957341758,111.533533051262,572.559972133552,62.2350520244987,379.117070687034
1.84002350150431,320.958287358584,548.285910791669,8.00882275695394,312.404843084744
0.44793654331281,452.769112762038,602.354493385943,0,109.924283623403
642.448692587304,422.572657465385,0,1.92245518650808,331.980718055265
85.2574547336098,116.0944003668,0,7.93489461416784,25.5067942528447
95.6908832312571,416.073483197046,17.8000047726353,0,0.720095089240989
36.8528362452447,413.610151920369,474.551743077984,230.001677252492,342.090976654503
1.30717085398079,434.01240005667,535.810410705117,18.8826269435984,104.329473789094
542.140912028704,393.334309020017,0,0,323.53932238574
498.036102501641,411.844277399711,439.768579052999,31.5735361929023,115.788151219183
617.89418076676,446.575901561798,466.705288515479,0,399.761814447271
619.325324318162,263.000891218066,0,84.8938956010806,232.106358694032
0.017947803409326,348.027192703918,621.907914007524,71.8911730219193,322.039719891214
62.2066937665548,196.873699693093,521.097667613895,250.953600938446,59.4027916610583
1.96314324879126,245.591149795793,645.818888121337,0.226040332464759,33.6868758591295
2.04334838448611,333.799191708804,537.27185713713,0.07453131050844,388.019451245985
0.001353775679207,405.978648523702,664.934737890129,185.131858464932,330.281838480574
1.6533228130721,439.523119462743,554.052202165672,0,374.891392512145
81.0248462365523,438.246411126817,506.49948756859,237.634270915096,99.8871045902879
44.2827348233668,417.689049559581,397.731204088951,0,351.460332451906
76.2467126208882,443.614895068468,668.185848121762,235.976283707082,338.365078508174
0,453.786183584808,590.569020667837,189.939368773365,111.207046081899
0,404.036983748175,528.215799973953,0.205349200164101,345.054818081905
40.0388603272802,271.976956946719,471.643356391338,0,123.182687630074
611.424374590113,156.400717099747,485.516228156911,9.74329770304492,371.551831179616
0.109729938256172,379.247554483419,89.4041770191421,235.298089908873,322.91972993039
2.30551379570836,327.508499643191,123.18248971297,219.709376753712,364.57910792343
2.10339522888843,420.436361219353,544.548649320822,0,4.57368038934901
617.402153978062,459.562596319757,549.015230998472,0.901929013082832,0
0.009567015588463,418.012956367881,619.295094964082,190.950146321088,32.9980388355328
76.9869972959506,433.237119501665,487.812978871243,0.012907965768104,390.143268124067
2.27764770970056,450.930223503452,226.208336543332,0,59.9719173960246
666.7670142216,442.096475101898,578.848230043184,94.6585641789548,418.822076402079
8.65045353786184,346.209146410728,422.61997649471,45.4637464829235,400.480977256504
0.194958476446603,417.971567157118,686.28575821267,218.363924151334,245.155841564644
0.036237837698619,344.015635660431,523.302130552671,188.266658063372,404.466708282436
0.885383800338118,451.200154679554,679.081874250108,5.31085289659438,304.36836973162
1.25775145753254,394.733595855709,604.992377019839,0,0
0.013411632590699,428.589004005473,550.026862128998,187.374733103946,0.148634435874946
0.532613619763734,42.1821969505379,576.311627297827,92.8860551443615,0.084903335604107
39.8506439821678,239.55178204103,385.964727753348,254.667333072532,447.246579411469
349.034427591548,462.597621013126,615.131882002254,56.9999696015423,57.5993903926758
39.1843379539044,411.289361112763,550.992527233659,0,53.4313957638094
34.0279127250108,178.935992376279,504.672219414019,208.237078264072,104.464150095161
582.636419409217,467.614715494053,366.013310487564,0.515274146690119,0
0.002069172597579,426.138874232239,559.49959576222,1.49336752884745,434.864345319442
81.7572864655177,86.9319179853615,593.077991613559,30.4234796433967,10.8077894411405
0.00476960600716,412.724137016628,571.30663453991,255.867230539249,12.1820122556331
1.89439469747555,455.041699412837,587.84477631063,225.124797216162,63.3177005174862
45.3449863032932,394.825590433158,372.776022454871,21.0535045156697,0
2.71825919541938,379.909699181834,427.59774627877,85.9971560675079,458.2727425605
0.024744517502201,459.666426138774,77.7088117884742,173.334755206844,137.599974453762
1.84062929545407,336.48536513828,304.406876197038,47.6244518504964,97.700894732569
0.278689953374967,425.035175066555,373.277679737719,167.828832981676,0.002402587921205
7.0293434672955,441.650351827797,626.282234681516,92.0521232568331,25.6386070225867
7.20587659181399,401.927666365865,533.576682348139,3.27525554565033,274.517477814851
1.52967939714792,441.002565918836,548.563737323341,10.5186293127736,204.420656233747
0,417.372062341937,520.570930081962,38.6361818094175,386.130691558143
50.3454588956127,434.678265592272,640.015777150894,61.4442068661097,109.397565414357
2.20169264645273,341.976551279212,603.321462685585,102.729617967016,111.373071060819
623.680044787433,327.951962144351,552.981715764484,124.758756857006,423.642595700313
499.671541071016,428.07337601498,540.886759558221,33.8901722550277,410.623817601901
41.0171568365388,437.516395611619,575.655207389064,185.494155478961,403.630474237212
5.36446044979464,459.635862725295,123.027225993203,0,113.457341144636
1.86315582889251,347.062110000158,549.621597317622,150.24185314252,389.071972872873
0,209.541209779656,168.805293787506,201.912040268206,0.729155509077097
0.335372551915637,434.730648828736,492.377127260192,0,31.89363913571
86.7122988876408,442.425734800421,474.792930644955,163.160436700119,419.548340069626
3.00018949213976,334.748753024106,559.043832202913,46.2126242359988,363.180285769307
1.56478843629857,448.559089538271,495.029243887827,0.019140310694187,113.79579368598
0.180854243595724,445.432289690741,600.194255078866,178.428616299029,47.5853978683084
687.102300846634,446.571888541801,116.448299658573,179.256797826135,374.517535246803
528.585113501966,412.589573711005,647.890271947259,204.700425839531,372.05152032538
1.3227203228442,351.108044767635,591.433839297585,59.1974185119409,46.8679353364299
1.19483716501493,451.395512731202,297.755582601279,18.8455469491901,48.5469706694677
636.362212324287,343.181210163176,555.176188821796,150.823311860134,388.14744019602
41.7813240218347,316.928525198364,539.045763663713,143.272926320775,393.639089970009
84.862152892589,377.676935743361,633.232621127167,213.630580285073,322.044283544992
0.280424091313844,419.678275571004,482.128610118655,56.7794923795838,343.553131637481
1.10241669826905,444.142538013989,666.618567015319,11.9957567647703,0
1.43676632055498,429.366412511824,566.177630948741,171.934426849936,391.595450946833
0.001292086683997,407.212040767441,396.201140813575,184.935815939827,362.549149947216
430.912424789939,363.054707423861,91.7156190901802,202.488393056826,432.974141440021
618.883541334,408.230177843167,507.826268735572,161.641749896561,408.58332450638
601.650359095197,457.606895771885,421.930848885785,213.223902950306,263.432211850185
2.19604219923244,414.77919658937,488.784512032535,46.0488965650071,113.903851184767
43.0950960627601,444.632730851695,554.045569768418,19.3830397435611,400.937754764156
85.1636245125319,467.604935624484,532.071953248378,163.131954717453,39.7998694588784
74.4898230362756,442.819476716122,588.692569132808,198.046587015842,409.245333117208
657.178228354668,448.69416021532,644.998601769684,185.753696508633,386.035108119369
654.640108254007,428.574408300139,636.045706865333,0.229155198125591,60.3655143518417
26.0124703409975,453.221731545999,519.133447342567,180.264169276664,49.877308361904
37.8963599893565,278.071082251577,524.337233176022,135.65026409375,312.869618279538
16.6685697701346,465.787805407349,665.175365748989,226.897903277909,406.927444394166
27.5734711382336,452.435688373459,585.694496611476,217.282005308464,406.857216906394
36.3860591430493,452.88842180388,566.946047743224,111.725215559577,191.492529086799
85.941189256577,405.608797690701,615.610093783371,44.0748384067604,332.900885241546
62.1238342321762,452.884979425096,325.351146961108,207.017216430914,246.2765980619
11.9491866426336,461.178934128001,575.506800765312,50.2840881791618,179.88555274066
626.88997970465,466.13235332951,612.003277347271,281.607065485392,396.166628668267
10.5577326293481,448.702189137269,609.526830955291,211.95450259101,390.715505761289
11.3316076828792,330.569037094853,127.985469978065,0.229117999621098,322.910678528795
8.74027743535512,450.576955833346,486.181629312926,184.598456182616,192.374808088339
696.28007950675,459.765154104881,423.607911402216,128.509358883109,346.424752269651
667.079286569988,447.621794627903,650.443520121801,209.067599050762,28.5158923440514
615.90224550092,373.652312103062,595.229003244979,103.239162665274,190.488377179895
2.02164413071231,459.909072439147,573.01248308183,7.70586202172488,405.21910587371
3.63505109986018,465.93612006005,669.613859402436,5.32983174603538,0
677.013365099127,431.805591235022,504.588088665262,32.9705357999482,415.395869917352
687.810099068784,422.907725117605,605.394821302459,218.164126449004,409.837604709888
572.461916468485,402.517613676132,581.570144342308,13.8705063636442,51.2819873375564
7.36378440891278,433.172364434283,548.448779866664,226.275721026079,245.351370141036
4.59831005925681,10.7335587641541,116.429280871741,247.659236922417,436.819429047919
717.638612635193,414.446163232683,637.562218063254,39.4463546186303,109.705298646724
10.179070669689,383.086922036978,404.975063591957,64.3254439262492,0.520971226839444
58.6189866933091,453.605294100499,639.238515804957,47.4282823331208,361.172405336808
9.66934267239481,229.768602163002,603.193977987971,54.6267206588939,415.812201593535
394.384544319257,437.637016280623,605.953040064755,46.0789824234272,398.539015460879
7.43571056477528,463.882592883066,597.986998891923,182.278743100819,439.020258878719
461.715145974865,438.522226908968,650.939673976835,247.117564706006,391.512123352501
12.4154596257422,438.329767133107,618.007208463607,129.15891017784,188.19737511995
3.77371706398857,316.555802546625,613.077171818536,213.643999243214,50.9478262284624
597.488509129453,410.028419713479,236.92291343091,47.4367656331306,435.156806572197
7.63894057607738,317.371416700363,591.777342817764,211.497855075011,115.359678543785
38.3533130100594,61.0553042544884,602.276071594212,1.06170147273271,12.590939854575
0.427524624832337,7.70830386655828,540.134619341602,60.6550566935923,314.017026157776
4.22077731244859,422.734793038796,622.219343735249,192.459211087006,343.032299750401
11.8140940817714,456.000912715273,629.718022145391,52.5782046800352,358.244156149895
6.24006488558951,376.276519072909,110.358132774099,47.0320616719935,357.284690588777
667.25034838827,448.485011663373,526.103222323463,37.6018992379888,0
516.733645525955,396.352075084209,370.083379587101,232.283672277401,41.3697362524761
644.553515642871,458.079893443085,532.60352272276,246.8418562589,294.39848018896
593.910978435862,390.158749768233,560.588852465739,173.984389705131,412.859911726003
20.166217880753,436.030951849079,601.375528407592,297.553473317078,412.280231203677
605.508242462885,465.241499548355,534.972155415994,29.9241047024288,371.608472295612
18.0135349091143,455.462242697303,565.552513408042,254.425143127699,12.0599036597228
670.115974574341,430.691683711941,428.553701193532,7.75090804913209,398.358031140115
8.13177508666919,411.214211028088,450.2061891687,5.58499569274892,365.118457354075
19.2918892163062,417.306907344885,643.656705239947,142.102040263644,349.773485537438
41.3804300625327,414.126032487187,554.947525551949,243.898097198588,316.693366034383
9.13300753336179,378.582254896358,258.758375780979,105.957162815846,69.2004400723364
12.3604899273341,422.574034152781,447.000417381881,219.525250527549,366.904999374415
7.93493065028201,429.383251282334,624.742347472885,0.784234430178474,83.874246071541
9.12141252109047,336.545292426169,107.440514307744,0,370.365390051171
396.079151020563,343.008853814335,484.853000469425,191.491336056496,243.742198372279
426.201158129396,438.489234124948,532.79200664457,262.528846953529,100.565998952936
14.2702689024924,387.187952333148,611.00031757228,208.705035708682,365.257220324029
85.7216889509039,72.8772000868437,517.934758205304,249.147060783745,345.403205257419
29.7072867238537,447.688301693943,371.093460991358,136.172362626642,381.214275146067
21.5826481430428,448.828288444724,571.767014906137,185.224502365493,398.781046662876
2.60137481125139,420.033982864462,575.720051162029,11.6737301866057,368.495690927905
577.577046640136,447.174339271675,571.455276896881,24.6759252354042,442.96525696761
183.46953408924,423.172658351308,604.702030137382,0,384.608536413707
73.3974805862749,426.144408251906,548.908496523039,197.596051063588,401.76423981337
175.41646685374,264.162506848402,563.464134119628,21.4841610996303,172.395760499126
38.3760379981612,447.036927937018,626.36490235446,5.17546627920415,377.654792130834
674.699759008402,97.6498691299527,115.240563826878,5.92375717581735,375.123185249878
556.93163465819,418.438084819114,526.636583111529,241.212439683353,8.71827802715217
383.594869222049,421.352723138353,135.43605199238,126.8907880447,383.112356295226
389.124537296527,123.179355084882,349.971560115181,145.744897740092,78.3368202065541
382.631474491827,144.149525497798,612.108033802827,228.614985486038,433.837331417438
0.488034283671296,441.732621288634,542.181246073641,181.016466549376,106.15855937455
60.1246029979926,437.88584483031,660.211060967672,63.6874730417479,261.525362502379
426.967896161163,83.0416398935101,111.078673154689,33.7865016089636,146.953542339667
12.084099282291,456.603505204409,531.495223508019,179.457459445157,387.940118105764
647.919961037995,458.88090313203,569.455188065749,39.6580318327601,411.257287912487
641.884889769936,460.492454768533,619.960471792597,82.1119856519303,98.6453041810861
356.824367257821,61.1235861651934,532.068783045476,1.09934360031017,369.774412828376
516.349338593584,443.029361057212,580.995955693713,122.215804332453,352.802344713585
45.0816767497359,435.868113955902,599.150009772734,219.794824138569,276.464055603441
583.278664167975,393.336676106029,463.593703150617,58.8629657656662,221.095420564154
331.559816423418,426.235838758251,109.489660149707,108.500269114895,436.091573459204
456.807727253424,382.2229410705,101.702657613595,9.09331414488902,210.661425810019
618.767393811144,311.085333458887,598.467039541029,27.9167246097365,90.8398111864324
325.480550662478,458.821793968196,438.877600937156,12.6046057772129,391.429521614833
621.473526400752,418.199544826498,113.663140454661,289.340419487914,397.334855000589
437.558478624738,236.130915792869,536.368402753746,170.104754121648,5.97630023125229
293.393956446845,437.746202684954,371.591960677248,55.2336722876704,72.1257931128371
730.043563049299,444.522879163404,498.146542250641,246.7394645682,421.857484483159
605.752362830621,429.757831300089,444.173099831986,204.722904755264,332.434913684816
22.9984085017398,434.875505983395,453.239677777483,227.034007641258,416.058822954932
447.755594520952,374.968589514991,491.235287767229,170.138031268112,11.1591413580505
286.792258870977,418.58173953175,567.995670727553,206.980755901343,378.098313686085
564.164415506772,301.804810645175,121.292459382683,196.022715851568,361.013436206777
518.522935661295,384.242255616553,278.31303816829,127.770449489278,194.408237020607
540.413774290257,395.204603779128,585.212913115736,189.021955367151,362.870800403966
23.6072219938121,359.565317916589,258.566033668657,33.9002654976916,45.5444278066928
458.220294327036,106.78551963329,347.696331891456,4.26497902503979,395.658337399353
714.821131009505,381.150529820856,490.514374302311,194.305401965413,105.962437768117
668.536444295549,416.8598862624,512.170317385878,210.859068321274,383.134602927055
24.3529645749684,425.68461918135,411.677959636071,47.5912654002929,12.6680808717955
600.642992425381,383.942959026786,363.092786616749,46.8072950868752,324.435148425057
732.422659040051,453.982100040467,20.0317210132596,184.193601060186,387.811887585833
25.7143674187105,437.611556988993,341.624063662479,261.098815228248,365.123496374291
22.7165559250945,446.843880035574,455.451787210182,154.780698193374,169.670170798231
25.750332173616,402.808793568716,521.271510433043,179.668706901717,403.352413378876
595.684549085473,432.917751308612,550.759740571954,239.110073745785,391.042566075944
546.245447415479,410.008056166617,549.419946687928,7.34312137494395,399.074406353394
710.603610475628,460.826043063727,463.191534053871,217.133897045105,372.56094901288
22.8466185276464,435.15779076087,477.460853770365,43.1398061139801,457.930002049831
482.994744403321,373.280431364501,471.099569530908,116.666915806697,337.100180058329
617.85814011193,288.94675015667,503.37567728658,156.315198514458,401.832799977593
551.522591251811,385.099868861319,426.059073769029,8.56425826257326,7.46636082586753
674.499948450361,383.254852496969,201.890835880837,140.913049035575,231.363860399712
468.715705189698,386.756856571757,365.549591223228,222.489475160779,352.407678364101
18.0709252307849,462.322816843595,446.781756434702,7.32195706813479,4.33633675941809
583.235273576003,411.523697020743,440.052177053306,244.586603964385,392.267657895382
107.981252266324,354.275153630835,456.494438956088,32.4786061589452,370.070276746921
721.089051391201,110.292675509115,509.135589023628,8.12014366018091,366.160889798671
662.642278021645,457.940024636724,506.934231692298,168.185620419293,357.148090335157
672.903427849708,420.452531410135,335.14248658043,6.50000792340989,38.7083656112745
21.4308140547879,457.87353502639,529.499182251925,36.4848713589892,199.67929942207
18.3712110021558,196.732106796052,330.78932270779,27.974078214761,338.760159698788
646.730288498775,406.226241621329,593.836240058397,221.441458903408,97.0072081578254
624.82942101519,460.273518578502,482.672311945415,195.197883410232,395.788833975254
328.59048776721,461.740015905177,442.326256041876,108.81423569547,158.132858786561
556.991238962378,413.126347582973,532.782849013464,192.194712543671,300.439985590507
595.588988048772,258.778286705761,294.770257943088,186.14237466118,110.645919155217
25.4662822324037,406.393547977988,482.568712223413,164.163548139866,114.968322148049
24.7501871188412,366.540348680842,544.525094473858,176.919214824879,412.37478253345
23.0762161149563,455.169394023096,305.594690775828,185.920272307735,400.065534920728
540.651688454511,195.283712559033,329.340730453737,82.0716637167315,346.441094801862
546.604774644792,457.936533690991,559.470119494619,244.472914899846,360.246807975714
0,404.680928297476,552.294890949528,233.303388248125,393.843786807642
22.0424258057682,439.833566778343,392.115207133803,160.684592578238,379.13694437176
80.1883026812619,414.895426069042,524.733519386913,244.760430014856,284.747697719241
21.7944857407112,72.7707229443412,296.084940179414,1.52241716528463,293.903145141616
664.930638682452,74.9241126152883,417.496087160666,174.177923180112,325.225734741263
469.53785629761,395.159254517721,447.182139232004,30.1184487356358,410.63654077638
17.3010162319403,384.081996645385,520.067836729881,1.71440101011009,376.311154982286
42.3057152781078,435.222775589793,547.433693693323,215.530628161893,364.595477045501
20.980398473067,61.1142606986427,384.43428697165,218.908873952033,347.406297719132
40.9148724295866,151.016195238076,309.593819043585,195.56887501222,354.648005742178
70.9331452890096,61.7502407744381,371.865773578438,212.597593020845,289.432331845129
700.983877380389,436.817911437556,394.704898205688,197.6199418237,361.546061527161
346.254533583027,405.059239566298,115.204652880442,187.363396799337,413.028051846582
721.023824510014,94.0937692682478,333.031254058622,30.9479158954333,418.528831407365
640.29154694116,60.9158793836832,525.946687648524,191.375557949423,224.866795401293
584.263983649279,427.126528287175,436.798378932351,174.601230331187,383.970026350813
19.6954783175559,61.1689000962898,601.189191465881,191.886960962349,371.366147788777
159.991596512567,84.54875580685,501.868798787177,103.532091900298,377.033000694659
25.0845865737258,394.955068156739,270.220320629248,51.3746401504703,397.562831145129
136.759817991253,445.655244299249,517.371356427821,154.660045878521,394.876979575468
611.678783104643,63.3419287816814,378.968014026701,232.631540410403,353.07562061084
626.685112841497,98.8791077603895,262.62758392706,48.2405642949058,431.857980673991
440.718223776816,425.37859843515,122.106830019653,156.6358052802,337.391102732585
42.9297826317112,455.139709093354,109.468154440698,157.416262165609,330.986839484256
38.7687651255127,453.348745441305,499.089810353186,36.4206762163554,400.429636006552
16.4332888869015,406.76419819591,515.518386363211,136.56975386964,90.2544713452445
22.4384130690786,406.886706639192,526.674691710941,226.430400609012,405.841973650889
630.588245590218,0,411.133332203693,56.0574581798277,415.833785872121
20.8074678805571,405.037936238918,459.168136056442,227.105430542935,346.807209791801
16.5560287975113,426.050083036884,201.283133233873,155.110495089434,374.014905976669
720.847693612107,413.749223470656,474.097938886973,0.001633243439404,421.675694869773
460.640415004529,432.086700546981,531.958192121706,1.12504910973036,388.705871878044
544.910018195547,453.492841687458,645.600285844281,31.3516101652759,396.874251458104
30.6851240936608,377.767178838936,620.582588698061,1.6708983539983,334.992123755066
17.9772464604158,338.597295481202,110.649026985011,14.0231826322487,108.820271897421
0,353.539039997234,417.94927001524,28.5897690936739,392.322512208948
12.8781356806882,456.492863808028,422.846491394065,189.319912858628,421.181269450105
677.064699294492,394.328559767734,463.704325075447,326.53546330157,153.664659300404
542.808917156204,455.633277239082,539.9642923392,225.49701976622,358.818946931818
99.3593089649523,392.185065799094,541.054097359192,8.5564617329714,354.588352124778
20.5890047084939,422.100411714586,650.889681234001,196.428882435051,414.588954379807
21.1600835957417,436.212037581813,294.227103902272,9.29812010203067,392.654222009911
16.5523610554708,341.124597029003,525.919585968741,115.026376362978,294.931003070113
458.019649385832,358.801456504924,412.021794884101,33.0849165643774,388.224913984453
21.0036513253394,401.424472786067,461.917208949519,0.308989585671976,373.788748831578
17.1981301381097,373.155789276927,518.086041128853,243.498898506635,65.7390174600973
542.086239979817,454.218068772412,287.402397710269,253.904627715535,373.876234114507
688.290847752446,477.370267223353,450.575574052096,256.342656189715,236.60262658989
20.0935000614013,457.642077968924,388.771014066034,144.460114496926,419.715871509564
591.235590169426,429.026358996862,506.216737630582,262.073679262756,373.272104068404
19.8846737704222,454.980629632126,210.430842563443,165.039597568591,360.85518883335
18.8296371612032,426.547196214821,589.456258905342,130.3435225256,356.723334873901
21.2890946114468,428.993394010539,591.116447490337,178.079233717082,129.392921636608
22.9653174796917,433.846042469948,371.854500263469,230.768079880877,372.014629009944
23.1682204461462,398.445073917631,429.578171877548,213.290110752674,390.43852068315
20.0955428828285,467.143346816686,99.2572300046776,197.122208633575,276.301692658346
21.5256075920062,466.99615154967,103.184841394348,192.622904727387,378.411984420819
676.663907665536,435.46395438429,398.119688554437,235.771760293697,378.553421972326
20.2567031653568,356.088567199763,578.739306917998,88.177843893144,373.099244437241
632.435629117805,454.378043328977,528.628647131342,114.792831839998,415.889822590317
16.9614987366276,113.600351750794,5.08302274336859,227.659890362377,366.255615011149
19.4764847626773,390.610153613988,363.148813568002,126.518259037623,335.178717308064
491.488437851337,442.640910419321,497.463737752792,160.521399280779,410.856072354808
23.3126211062792,362.188532271265,526.335178720599,179.124950130928,408.740130788646
699.787325040379,274.762088448617,106.502043040929,197.637772282241,408.349770226287
18.4903651180817,467.195691928193,181.451829939701,180.139087021963,411.255480714449
19.6147667465391,314.001627178057,461.003351683121,195.594256968359,132.576990621007
19.2508108825354,378.224305790436,283.061072129935,100.332876011196,330.732734156714
20.934588106773,347.56332589651,402.216575322704,154.658667765363,423.170734665761
22.9044329966146,81.0226041938555,107.236424055961,65.5274691790679,324.282615205647
688.235748288135,470.648763934027,475.03869049515,189.573494942051,369.097014311284
22.1514140316435,315.459654289652,487.626740983439,246.458577072926,263.078019986211
630.310845696668,427.745422757744,470.535638084242,214.472121708959,359.852396961449
601.431050642086,364.79881741764,506.038088674424,149.698500962875,356.88872112123
18.511142296945,425.746552876858,418.451069239102,116.367920109745,118.388494742467
316.98690769241,426.753783292464,602.875897918818,226.823915194744,171.945081036615
21.4930965516666,111.047048161835,448.976579025782,165.362290437883,263.439188901378
603.402531809536,371.163260917086,375.517637433623,198.034207350561,184.743459105879
20.2002841834173,369.371802348884,489.165773305376,157.955778587421,304.830095770949
20.4371189625111,407.421744688368,29.6294838833529,213.453496772505,366.076842310054
19.3769045706725,404.722716280375,554.381917609544,185.373080610315,289.950969656409
21.8700832292553,449.959679695723,570.564384970724,10.8506857669254,322.375857741982
19.5987776872011,236.819239624817,460.820602027552,14.1394280437281,148.701410166033
20.7465665576679,401.402687013386,515.422074689907,182.488007534117,369.475798660357
636.701190665952,437.046081449516,101.206941343755,88.8023452197986,364.993623388656
443.283243014857,452.751480784992,376.413208275971,206.520525317956,409.867154111877
21.1613465664557,400.873575056537,611.990598689025,164.96897190504,329.42002963053
20.2803456639787,401.403015423171,394.813025927444,174.7521198748,366.717422041033
19.8867604257827,366.284719762053,482.515685568469,149.067712142839,363.198154272841
22.16645482217,410.743067982487,513.005090740961,188.101029962817,343.726561123785
22.8453477084106,389.087554610764,301.888275611456,25.4317429885781,371.722788932024
21.8134231526347,376.345144707547,368.780124254089,203.862350577644,360.971896080817
19.4653184037845,397.888652696152,447.534509534891,61.005030273071,350.705127787772
19.5394765718499,421.609762870744,531.645607146109,207.57958737985,365.309099380323
23.9890086596688,423.989661087687,571.051765807057,17.9389427535829,357.537737399367
28.0379801048846,407.414943943111,319.844474479566,231.340616921721,300.410708285105
23.4098293546024,436.896044982028,101.879871167483,0,359.653138148977
4.28163998404438,418.537975897743,2.91206494830769,182.104767967442,416.38302576787
22.533669702718,399.95872411047,514.630564970603,123.821392459829,352.036309791774
19.042647782999,424.718682549351,415.98640430214,0.043608717416198,391.949372228383
18.6536027327306,385.033225305123,308.543305402978,105.187193969112,415.800765230427
21.4057521852477,453.927145385854,464.971429114278,201.062443773165,347.18438239399
22.9129737690922,405.534773503552,442.512981761772,24.3843479224609,368.665172743342
21.7678326237441,408.32816846555,415.821684361671,195.600504537976,280.432877026177
22.2892906507938,388.779096554078,356.418952480719,32.8835973754273,389.591669472966
18.9741385136852,404.688780537802,589.121023715507,0.180521137764145,380.623320773469
22.6961262790686,350.449527678755,561.270000045608,184.585070703346,336.990643947141
19.7313102577525,398.99809391017,475.310676278938,183.711326155289,396.296709713959
20.3515436518609,447.261568569585,457.989387435283,0,407.405955933069
20.6216322507138,367.822093546564,399.289696867745,215.008674005198,316.719925740201
0.535241254107052,378.652024541482,430.883468169162,221.44379287933,351.632876122707
20.7018622977912,417.509795227699,456.042320567407,47.276366917526,368.649717521934
23.0380215721453,417.639605367387,497.301955406457,204.704541744262,395.655936330841
82.8409691786959,367.484676426646,442.877857411316,0,421.126365382037
21.3263599608617,367.987340048889,503.617552888261,174.566990703185,375.380692432266
23.1927888528481,437.276898832944,94.8098631244303,2.60860609962168,437.932415215591
18.480780696855,397.544701577016,104.047369615255,155.998737994009,197.726654793513
21.0961496052775,452.101971098594,607.776360049314,88.0366993628558,345.073976908314
23.7100354279753,395.926745560985,433.634820705592,10.516548901994,438.493414320677
22.533102192817,463.625551021835,423.646673329648,118.186865154108,386.542309957533
20.7118082839225,363.134313654834,432.495187442456,0,187.443500784832
22.1548433131724,330.998313290833,597.333385787816,163.181599675721,376.015340737052
20.3239363159244,452.173573354689,536.792499490422,227.714311327435,399.151312145961
605.633385084257,412.145366200149,109.560143744922,161.301902749076,387.756636214722
20.4379907983163,449.662210627244,618.596241877582,156.00438188741,118.489933790094
19.963762995341,444.875797068204,76.844067854934,166.783172783124,313.108006529851
21.4729666356051,448.744637343014,415.691064564486,67.2603606896251,374.201981420042
561.48120252781,396.93963869053,331.244951559595,178.167494142807,292.131615993007
23.8520080754362,466.515427033024,578.570698800919,237.855839619136,373.6166452551
20.6860020551054,428.84023860042,541.077160167012,186.341175086609,399.855911429133
39.8063598775291,16.1722538849492,109.769818214882,25.3229777375855,438.135239379656
20.4791731069421,355.620868754781,477.939325408052,179.029601154525,408.037704728407
17.7828872010675,108.549951509353,453.177371190844,226.1791384139,410.83967733654
19.8671189919832,417.206721856345,534.513264263011,13.4756856409606,324.705689267384
19.0411597769502,385.817456846839,583.168313538327,250.703610133901,284.787408751433
21.7085416303101,384.346206059254,120.426661420497,172.715769277644,350.872776362559
20.4130951135455,454.416783701755,564.24325760482,188.650025562175,322.111297353802
62.8737055188168,410.130574510653,560.840829630504,200.421352017556,229.702635190855
17.31877737125,448.768993950811,535.572824063649,171.154190166221,239.1221962811
602.871698697196,413.948439861683,413.636057604258,166.210389960371,376.063105602198
21.4125797898485,413.461864817698,355.136411754414,56.4821475214998,400.858223119268
21.9300799508977,431.769847936667,418.560472902686,210.482911026985,394.504021678044
18.7660208320516,462.112768943924,409.381981660805,224.443595956612,389.817981476595
21.1056248804785,308.50401417941,627.751150344669,180.995704380638,366.233839730985
21.3818370109637,391.546922833597,397.872281424026,180.831381633531,375.251651700916
13.6417970296073,426.590272964031,239.009431694093,201.058970604325,210.378575398443
19.8365999324127,105.163353789059,409.023162607086,170.059416570224,414.590213866355
21.1420001677768,409.300284094285,520.674229534703,193.41588168451,368.591955821343
18.0115333061211,410.599606726762,571.116823264212,0,413.32784538819
11.7702834600343,399.862940138507,522.974268256376,183.189534634331,50.1790050892213
18.4401400886819,251.411449191956,503.5734821077,91.9478902729987,374.526897093942
20.3425884798637,3.12517521927799,516.382153485205,2.93039566150225,383.338300565288
16.3791656527422,467.460465489627,105.077131058903,245.563996666754,391.735611688675
399.485111243492,79.1243691918872,564.896534323906,108.884217970148,399.824405629997
20.4566949388475,426.447584382834,408.333878134141,33.4447260126757,385.047222409674
21.8327970890349,413.427664084068,458.151379903201,205.289310329683,369.817000087728
22.0367445339182,405.540069726518,88.2092340160689,157.877923637619,360.852227191267
21.0846176881375,470.547086467413,184.042481040381,200.985140059969,374.382949026972
23.5853978221266,401.069927163917,241.017144911153,203.968454513592,244.193755053756
22.8642630768807,427.72074041847,524.832460215498,204.514052931484,393.969509599945
34.1199976219128,321.827642145828,559.110063847271,229.61773133226,406.891755563264
18.2055882578298,465.257936918556,98.5582810393717,198.802210230725,378.471816679012
279.180088649605,419.836424731512,411.125617344633,180.493653636643,359.662807779411
17.8170686595435,414.967944057967,626.407712087475,86.0577640026422,404.188055326459
7.23895650480637,381.985497803367,547.772684350523,243.264732405773,414.040564403433
22.2894691304606,414.529348114293,573.28949078612,146.376416267923,367.69720241663
21.7173663435385,443.507113019317,112.906886129156,186.568252875763,381.663608891156
79.8316818372433,103.616103583988,505.607619665163,121.427692241819,422.983113592177
20.6550296316978,426.83323462847,322.942183058399,229.782452226656,400.85599332978
19.3766388277464,115.488369278123,409.88804849322,175.777622164282,390.811494972154
23.2774454824931,384.275942965451,563.277494710435,23.7012300671603,413.678191911353
18.5571915288909,78.1487340394293,487.211536336606,71.9403161031771,370.838084553406
21.4867559224328,357.56425567412,117.171320297879,136.736592120166,296.89765802103
562.115179182707,448.020257568691,111.54104501555,165.943745339238,375.345050259252
16.9394753137516,446.857821865569,516.231337960537,165.923985396364,277.873031200276
514.126960036861,118.539308610474,103.439875614761,208.476164116756,111.005157071664
22.954455377509,458.012742821406,477.156660138383,220.980340875047,364.792858020209
19.8939908536665,47.8716876935244,112.879687611285,270.74968568461,344.009966573483
494.031032776976,441.744327791841,480.8232279874,193.826365344335,373.394641400468
22.5686571969343,390.438119131933,115.901998950919,22.6607418032991,346.419013499021
21.8603645320517,427.993345647234,117.299541286175,202.715484925678,152.653859651053
19.9762234177275,73.2977712573075,577.345008785784,190.096774160312,408.06198294087
24.1800108311195,447.317639251669,0,224.397528522707,355.223039542506
271.482033900228,435.779124373177,321.6778564203,256.46106489164,340.690133122815
649.337760487695,417.691736460776,114.284623253299,185.489101565772,298.384254644245
4.71804152798123,307.193152517734,528.264581525133,161.047152049318,358.337101031023
428.284961143132,409.657108233885,464.151722193504,195.144183813055,359.269580204686
450.183904777012,387.356843967319,613.68068855651,172.94806140439,335.391041062607
106.375489140163,402.453015593732,427.42159763972,200.331803699872,230.864623145097
267.144867334567,436.49476460569,115.984642717499,224.971817979231,426.948193480537
12.5726383472417,351.702471407329,463.299780355161,194.795538194627,396.393718529244
517.03702268926,433.407914744149,258.79531069877,191.232751239101,353.825195682959
22.3677277273904,434.205724177211,378.4111339271,182.102115844564,375.535970390466
589.742557987162,111.121727181777,584.782351680345,223.345716519286,321.851037111744
20.4980096448683,139.397945222859,426.829448736449,143.373236582808,365.611828622308
20.3448653522968,425.805283676697,518.860393419451,150.220880199856,401.018877425358
22.5332523550039,384.435289008659,350.667380313688,187.9597001853,410.213956202008
22.9696939473539,379.24418746901,510.550804265484,206.604084617078,398.570134644668
20.4668873093288,234.328533993952,143.244057426877,194.088056042234,383.936523551812
20.729488360422,273.314454142489,445.669892233781,167.313291546986,346.694770602709
19.6548063052255,426.795143969896,119.280953091525,241.678939691314,404.385990156355
18.3835860010398,408.974997866974,576.924534139026,166.890556492889,306.732351578499
18.6222292510016,409.764599932418,575.277667497725,176.898794849636,410.242111543384
18.5667203328082,229.61694643743,519.159459662721,184.156993051919,340.028318019896
18.3497145845061,214.355488071136,183.742480487592,34.9051014031192,327.614157384157
18.6614866879475,81.9470120133669,483.126169977099,160.537909663229,288.289465217233
20.8227728656707,437.980698520317,511.785091966331,231.527778801419,362.482696721847
91.2760284584787,387.032865408419,551.607077382751,142.448446370258,376.373605620691
19.5513216709669,398.693912174542,489.679967681134,0,403.969013790379
20.8144232159373,74.5204463028773,505.094808855776,26.0327275068244,259.601803851579
19.5192154362646,383.909432042908,592.631899184849,21.2228944565153,397.660091163607
23.5783781035806,33.0991764121141,437.387679326183,93.1492502645079,267.191830042796
22.3149680804246,51.9186671547983,388.642447925133,179.022518614595,362.087197380561
305.098171574143,58.9632691962624,369.818115845195,169.883645490596,394.278410993643
21.4359629019119,63.9544825183466,511.528050573026,161.011295402642,292.682152371093
21.5936360455855,58.4621347251518,501.325437558789,225.930070248312,397.049464408517
19.966559148167,51.4330026026435,324.597389845158,181.466378865204,234.483581551442
20.6571258152406,53.1985225928673,193.303501185795,1.87085611180162,421.185444487227
21.1151909621937,53.4183782412686,358.667754818089,191.173847171448,351.068110777023
20.8369932665677,53.8302821857396,497.949893668765,82.2173632596106,418.589524414441
13.4012361839915,50.0072495429789,111.38594233983,62.452492807156,378.790744801777
18.185079149825,43.0910505657257,583.393844517917,188.577576889945,381.350818204366
21.9140123447217,39.5060485284727,369.72106653987,193.832235620357,374.183504272253
16.1063876070409,49.582511494832,486.259636482085,173.242611148532,328.577167043949
19.1075447167065,54.2183588524917,513.05201571901,220.185443520204,428.164444682808
16.9151841249829,52.1447814337459,447.321399485486,0,389.709861102746
623.100756705704,47.7035461913854,97.6027141422149,174.915443780057,432.723342312345
19.0812592144131,52.190671427614,334.792057928869,219.153227256254,230.154516960444
16.0825920177147,51.8982210716448,284.436195276512,231.865059451569,394.496216987262
17.9359667015448,44.6594701036055,488.325243939845,81.307090815235,370.945350170825
18.3806696401646,42.0763195945598,264.362523188422,145.692307281901,372.75528357295
21.3831344255443,43.9160767821745,287.563950364163,218.883241427276,430.100813030079
39.4536067328047,79.6875173685921,101.185586487792,14.922583357884,357.228860765097
585.508692332106,51.601635637571,431.847438696939,191.700281417175,380.663952138552
20.0833101722755,322.475158552212,456.821815764976,182.994914471344,360.054801042673
599.036130258978,102.658642355591,540.301732848249,172.043437735286,147.867225132491
19.6015690913055,88.3712959319867,490.338637202722,144.154292035329,120.562382063647
16.1929495470019,325.852112315389,476.20034132618,8.61010850250884,403.494687661007
91.1205322882276,92.4594779854595,653.472274515333,247.781192882876,333.572424413183
63.3594679774595,423.265712513019,183.36330451887,197.741883807054,419.7770401154
478.557676786567,373.983496501363,357.998803285285,137.425165097757,242.107932175951
14.8320346085311,314.641596257955,554.331582504552,208.654472253322,136.729560452501
17.7604596164928,394.587664909996,620.007380777168,230.331358495418,372.310168071599
14.0011043319925,415.01083083238,472.973544008972,100.316560586066,373.155374383372
20.0147290765903,432.296763080941,558.90894881082,18.8304781071043,391.498319549945
40.0311412627185,396.39172757817,115.202428110074,202.373453717986,385.050775862875
20.0973773115622,368.679306792379,561.252051174596,262.751159407694,421.012080800379
20.4562722092938,338.8951073201,517.872354455739,0,319.056186523609
21.1158318302915,371.280733968922,295.415250621342,195.211487221031,383.660110295747
19.0147719533679,447.440693071759,446.777467993617,204.556921557305,304.721556711021
19.8299976402466,401.340283244293,479.57649155691,215.819585107397,399.854144152255
16.6312655598852,445.028287522744,518.525133289875,130.295301358794,410.500834180686
21.751200968269,363.153785105404,507.810994166946,168.946439762867,256.443846658931
17.3455570923144,422.8262868494,586.412689256148,187.466909071078,361.848221285286
13.7278442012989,362.559139273933,501.021661929213,85.2390076121514,402.347880124227
19.6990037876292,378.631116433879,538.941717743651,210.503711732696,358.355430868345
15.1995614120629,351.231563362781,556.487530548657,214.095009112109,209.892223563032
15.1295894659771,404.391722915888,596.692732836545,93.8437238251258,404.572890762093
18.7379105163849,397.367918986494,572.777270279703,193.628431376594,419.001311962294
22.4999510695901,375.95876852806,94.6539342467451,225.435193997914,408.121591096576
22.038341021213,359.916959655737,586.174854680984,215.68596603761,244.878618686305
78.7186056123041,420.230208231864,242.801915388815,201.298627502261,389.715631065535
18.1912936999871,405.835495721416,505.859699820615,130.519449590776,383.53722972492
21.9252470729053,422.958536916814,539.46042452852,84.6291549732197,354.061316684954
14.8771339636409,436.00961225869,400.16713982625,0,212.076006395444
22.3934790660691,379.855279655585,249.976074385416,167.627063135305,411.831166004461
14.6919205562362,430.921308492577,525.446229701329,78.7486293250404,126.490924083384
17.3090122164357,441.69801847409,409.765509594278,191.210613276726,243.685284588219
18.745733707921,197.652394433884,167.02793389399,217.485816454628,414.634268366804
22.891608437965,442.128554528589,547.741136828311,232.90274719751,407.613340956562
20.3266471038834,402.38726997866,490.965782400461,113.066551152869,397.418957174575
11.7404775264792,342.801156258953,487.292525782647,208.589379279328,328.639886826363
17.0341159222858,421.664424286626,425.93016359888,204.949744744973,376.927344991694
22.6724584624599,434.680465409013,418.077613494785,203.595784217575,370.408976398117
19.3027070444338,391.267269384408,522.701646124855,189.164745712266,11.8420120185947
18.188644272217,416.00840259798,0,162.746053785147,382.861313304801
18.0537463412333,421.052526383313,551.059382811682,172.605863597277,185.174906375191
18.8877006365529,390.374397636149,113.204814885032,192.578530727151,304.325147532547
21.3771974449128,399.413319256893,580.224606418493,176.687128944375,395.907956303325
22.6321676718377,399.239266290362,100.682233261318,196.225798229101,403.974938165052
19.4684644809199,380.893268387177,503.000370412336,186.594116115748,352.344858442717
17.5924868969732,405.623132674279,526.11151276019,269.653569721083,403.052443519335
17.0549859645409,440.773594867541,525.861474484455,206.528133765526,358.938705058882
20.306276547986,392.839164347456,369.667580482814,215.046062240047,167.152401482593
20.9044383191992,433.055008820922,451.614176776358,193.063959977396,373.368448040128
21.9685545523129,384.677456653234,229.202092816173,175.065239588635,182.373439784445
19.5608249326773,429.119683500034,560.573768936784,225.385213665992,372.407778727173
19.4084766229097,375.00573589331,582.186087820522,179.886688182932,74.0832356062267
19.096570815301,387.585364324009,105.060504610374,185.795079929248,186.890538738264
17.9073126552978,433.81167800323,119.198822093098,203.999400948326,344.032595944501
20.5191357561131,432.503359048177,496.668115068209,209.334117419084,150.3514810026
16.0075266345101,385.032289239019,392.444219622631,186.55739251622,0
15.2079165479749,446.568642126076,589.862591002951,200.560965495636,319.044197797048
17.7774194459359,437.889317345636,420.199045174361,192.594263060342,397.252515370283
19.2355439860824,388.443102708535,450.76077026974,195.549153090844,163.477108725318
22.3318015674626,388.71382143834,564.848139241163,213.252924800795,355.296774349734
21.4341070812919,397.833292157655,543.400532993509,231.274090768305,376.852063130396
17.5913275888082,388.66818311954,561.903793338338,234.245668361045,345.102645447212
19.8471496726558,403.566937372033,0,196.053153602102,197.66360382121
16.8444840666267,439.358157679457,603.90694703078,131.031767264276,324.900998990249
22.3596684930746,389.067024108553,612.424127170857,208.287289137373,113.340865767325
20.7872665109157,366.473846847161,399.625313453745,202.557345716132,400.574263077579
22.2163438935565,358.578978180259,572.530935697593,136.547628870392,364.835301142017
8.58973457686978,336.15278273892,626.971373536114,260.690429230862,406.013035294907
23.4575944559956,406.64185266181,519.602685089957,171.939054294998,394.783459396397
22.3930109247442,398.469184915873,100.240388432896,220.820385942632,411.34122625176
20.4003348055535,416.927875726562,450.031986703625,220.692718120974,200.375352322166
20.0093742819207,140.62554483186,471.094231957938,142.644601914755,398.273268426014
18.3725655881541,332.040664964349,572.99443882335,162.524105042202,415.048847399022
17.6486417831126,378.146760431075,434.797304199772,221.381098981541,188.799859827222
18.5337670826604,451.413500211987,472.564753944717,188.810891812793,107.696525752229
17.6903168628428,372.230435463469,332.188134690107,239.671419163986,342.022990641036
20.024554363492,417.415411362568,508.644835147075,211.851939317248,353.396271744082
20.9796413238513,396.395488164108,582.390570533369,184.077687042574,392.810400319453
17.5766742116319,360.161003643211,623.005722512162,183.387445412885,112.793112575128
19.0874515396911,370.114330574309,497.679794401363,211.95732821694,113.233942076569
19.8606553133131,397.896381335932,424.865940117701,181.324139266323,391.778538252577
18.5801963494609,410.90888594267,494.166211547952,181.543892275052,410.619002079608
17.8376327640048,440.52733312278,114.088699404711,221.343694770844,266.687250075308
19.9707107453609,424.511636533642,422.894148942041,179.450991101289,208.002940984077
22.070559368422,327.570010730049,582.588897488448,163.318568429783,370.760835935555
20.0551817575151,416.310267343121,502.710976695233,164.671475850464,410.980392423898
20.5262054634123,406.233915657432,561.000522553268,180.10442719104,389.10422562948
20.9222605967484,258.39074979658,108.717785664699,188.644310833971,375.943604738495
20.9846415539287,384.357649108652,423.339413200485,142.708268549807,364.524664430076
19.0738406835733,364.451521214412,545.157438881163,205.653477138611,380.003767066185
17.3712911247897,217.78772201684,345.95013780616,201.170566370372,338.973428513353
19.0156539365025,354.407380893553,268.601055964398,184.981845448002,347.610183999467
18.5232765305442,406.779426963926,553.413673771086,218.3778990785,357.398384429254
15.5218559894673,356.572757200128,552.613636466075,83.1672750465872,393.362027212435
8.19574439579939,105.80696194938,497.21417558722,189.397566584826,332.934451737248
30.196871034272,394.242381537506,514.999894164349,168.792372014246,379.625638158248
20.8431259795608,399.023484763083,314.717369013202,161.013605473989,170.407457557828
19.3020248410479,398.54283461887,336.226802333255,189.681222385261,399.044881276001
14.899474240555,375.574599156771,424.510186579182,168.730679415999,429.965494238628
18.8986630266497,363.40776383512,498.625236425262,165.364482009642,390.800530034659
16.3948393120756,310.682193687427,470.036571951714,152.354363874059,104.020192472145
18.1599734517677,357.999208811962,549.819530529654,189.468114619984,111.200134493335
6.5490912874865,358.770938774253,423.572671210917,189.013673204909,402.449320039744
16.8175884776337,402.338766447538,404.793458885232,190.235112378975,383.37894472734
17.0553284713866,428.794500257746,224.24809732832,157.871004864256,415.189190086134
21.0984902598962,425.680676868929,503.561605988131,191.596945937753,130.567179365055
20.7466061274285,300.838948151453,475.336405115884,189.331886496413,381.281387859155
19.361308213839,328.431586380464,240.550122903992,178.489014630968,347.995006534466
19.8294659816641,73.584264103078,463.116769430355,209.143043232412,363.149736678432
22.2205343807951,416.795320480732,314.880041084905,192.522779282332,0
19.503764574576,394.739681929503,381.955604021164,190.911702968264,374.270743079228
20.3049700881191,444.124000934432,452.170444330956,216.389025155574,0.036545294674929
15.6403971890539,362.047572748082,337.177239975995,179.073081511618,403.726556860966
19.7953602175998,405.264917988938,443.593660371853,101.147743314439,361.747974861511
18.530228200965,391.725216749598,457.59919777216,195.424536215883,397.843981668952
17.2002773596551,82.8281797527719,227.055730768056,82.7797995184247,233.842116733635
16.9276039950643,344.313755631057,497.571552371982,210.978104865247,394.370075777336
17.7598639455427,348.307141633409,214.454692540951,190.425306614525,356.321989271827
15.9668557144255,393.477373816615,446.14950445843,200.269790891395,386.199089998826
15.9987316370218,358.900059297606,257.148930327933,155.461949432801,344.455024596752
16.54870318655,373.007939379485,96.323796920236,185.177352324964,113.825488556133
16.3506089451019,276.400309100721,355.729059728015,168.804727283942,185.041496502371
15.7484762674455,74.5453711134636,441.047404456091,192.817939250067,354.79192801588
18.2805762042157,338.338027072173,585.18723536738,194.992127829036,380.398735335471
71.3130885794492,358.299996516617,608.589812692761,160.14159171329,387.956871422065
19.3740608126481,275.085834647058,195.868792208844,185.460122854897,355.938905600058
21.6953249328603,446.049451832929,470.181516761247,195.12369029846,322.17887571375
16.4034591668901,433.374282792916,492.534744384049,164.57422376821,403.431519974708
17.3784323687931,413.084792435165,117.356393829964,199.374233045438,372.31454819342
17.8737546176365,332.039983090038,240.55377753725,170.430816630094,396.778774973183
22.1273056674806,340.85262831994,430.031159466443,176.921517908989,404.332663090549
21.688942658655,343.374973852577,463.701655157277,178.366455800816,364.200491255427
8.47427060178876,283.382813562174,557.047480125464,190.786250917254,388.778004950383
15.9802604705975,339.659970232806,195.35354221567,186.539949510979,423.230423094814
17.3296229994703,385.626002578406,106.244598952622,199.441014746928,205.663911165335
17.017266234592,348.039207525913,499.420515556803,191.992881096934,365.810063800434
16.7383394854692,339.886542886561,250.475068762528,166.291263018171,407.47677342874
18.1909295823057,104.602653755038,565.951681797624,143.490717349157,328.965863731681
18.1080729703162,321.94004523491,529.320208820323,186.510396482621,357.746988868219
18.9357770509347,398.393521763365,427.634446082379,183.309444837664,394.457532081087
19.0757182777098,392.064697627268,215.787107738323,183.823035339591,1.77651259458639
254.368533958003,375.677895438393,438.96375667921,141.132268984818,450.427008505687
17.9360728176034,442.546803300372,591.669889420759,166.029677203255,388.492356155427
15.3668904433777,316.417841501606,574.918317792277,164.121164622357,341.14091905042
17.8691537612319,438.410321969422,102.37727461071,193.283163522409,363.407232346499
17.0838285975052,331.920082047435,482.879157087578,168.45882170857,371.308520760981
15.4172088533756,363.992937330533,497.931511431022,188.310353152374,394.134737419387
14.1227056077934,446.53373592803,562.498694877127,163.197072989885,349.581632922297
16.0309318071396,379.758634470066,497.240182645575,159.482797134502,363.001250337047
15.320893284146,406.290355494059,192.55801911893,200.363114719381,201.180362093503
17.8541510761118,417.454024414742,570.098522446541,199.238155791825,218.57824206763
11.9005186221034,397.315440505152,581.683768633498,186.945647030598,133.862229723695
20.0222798673673,377.983940963186,446.043981982434,174.114566077831,391.593672808238
63.5058824606522,396.139118322274,204.299550011055,194.724172034175,379.045008758835
15.9217088450874,408.133322224278,171.946275950899,170.460809092319,378.655454424758
20.5328184007437,292.028219385055,482.09976322899,205.438114935818,372.824902367765
13.169229236887,277.492200252323,585.842534309593,144.232231704601,397.530660840389
18.5017811187872,356.598308732254,226.899806023324,144.272907548536,147.756119133085
16.4560578193876,345.051794854359,388.526038499278,158.95464141349,406.149135284977
18.5672373429957,394.22892327605,424.995312191847,160.25763208136,334.22221285996
19.3762726752317,406.893678897836,207.359728247651,172.055455275298,378.995520407614
15.4850571318863,395.002201071343,541.263318452226,136.518408657433,350.714673312027
18.7483167445186,433.009018311191,199.892322675384,186.302150506854,425.977079020566
