good-aardvark-191,clear-puddle-196,scarlet-plasma-233,usual-lake-248,clear-snowball-238
0,83.7779688667543,76.527637785716,11.0772410462925,0.03068161610378
15.1954281640545,2.92308167822064,0.018025013054592,0.870216833808552,0
0,0.069640506264267,0,0.010232134617042,0.059281451666592
0,59.6291358647434,0,0.208968081082162,0.396632561142296
57.4076512895089,0.050606582011598,0.20303947606444,0.840202267966025,0
30.3089995457691,0,0.026749026916025,0,0.304624785534503
0,0.034200461331455,0.182654620786273,0.009694819084354,0.002703976524458
0,102.284427861428,0,0.595765067945246,0
69.3927809208268,147.616413198939,0.01583102106702,0.401642016412733,0.142578908087886
0,0,0.166745240055328,0.125135459424702,1.99711050757701
0,0,0.164231356630551,0.622966322707032,0
117.507996537343,0,0.292778068910854,0,0.068645891150969
22.1575384792398,0.210903963045109,0,0.232691514980826,0
0,128.409659226863,0.018364145692026,0,0.122332159441293
32.4137132273721,0,0.148716536674987,0,0.157120681522285
0,0.244761932171019,0.015231658339451,0.055724785053406,41.0208303047009
25.0387047647738,0,0.007453481272139,0,32.179810789296
51.743671739475,0,0.203037588395648,0.154242301702618,48.4932020647347
0.00107420919444,128.669597337173,0.074219578434757,0,50.2693949595743
0,0,0,0.040129878699854,0.451058193378168
1.46775612010825,0.393775122600031,0,0,0.074344736029787
162.799858069302,0.56113810974831,0,0.030228416152642,54.6810999880493
0,0,0,0,39.4966459147893
0.777637821394785,0.002846114801122,0.016138874505402,0,0.419901244853729
0,0.330929817846974,0.299737993944871,0,0.501614815353397
0.198597090253748,0.118775797896693,0,0,0.067993382817176
0,0,0.067228118996858,0.181927078735274,0
1.39354586967312,0,0.295785866060882,0,0.218143690694915
61.1926936233655,113.791344009616,65.8684616077254,0,0.246133718585139
0.035945765072875,110.747156610903,0,0.009851065948603,0.477330250823652
0,0.042065824498454,0.195645568972837,0,0
0.952579808855076,0.032128206181336,8.72942784023158,0.03110302062775,0
0,124.549559096838,0,0.314286410399179,0.003622856747495
0.035860227474243,0,123.568556911133,33.0411904109122,0.005710251037146
0.456876853480781,0,0,0.045572306522438,0.066750793143468
2.48491031320443,0,5.94486755991748,91.0351703600407,0
0.358187749190682,113.96641069476,96.2972489219803,0.00258371945548,0
40.7950689933204,0.022186755219506,0,0.019189470821999,0
42.0023676939866,0.966658764201743,0.476644605039312,0.130009563972425,182.081909247904
0.041278131772101,0,0.88005119782821,0.156193196836288,0
0,0.219494075051573,73.8269759759248,0.104693456000189,0.02444146033225
0.062119474782651,0,41.0289801018015,0,0.333175338786828
0.343404475992708,0,0.008264119759964,0.003256440977455,0
0,0.479022195859624,0.199317305010379,0.074822212970465,0
0.016547071793916,0.681669823565483,60.1417776694298,0.183478015200137,0.094778260072162
0.076230706935818,0,92.0238565840263,0.076275233223488,2.80025431918728
0.108938605781479,62.915172114399,394.661645795696,0,111.366116271887
0.038958525546216,0,63.6157758069245,0,0.482330721405398
0.472066491895926,28.5559038034105,14.1323904735053,0.13030485915451,38.1272860736528
0,0,67.8722921106129,0,42.8760989036
0,0.852208623480274,1.34939038489835,0.013083311264934,0.273291116343476
0.263724124971632,0.130965895616557,96.2244264018264,0,44.6014455688257
0,0.853507586105606,53.9737406055704,0,88.8353867821836
0.023851306731044,51.8853766812432,24.3047909237536,0.391287158133223,32.2956320696263
0,0,324.605436161644,0,50.9469413845012
0,0.224553939276317,24.9580923999415,0,115.211006897748
0.067855225992319,0,0.103753174920066,0.252295747547923,0
0.005780227551441,54.0237267738238,63.5515389808584,0.077299322688617,84.0511495261947
0.294958995157916,34.619966173318,82.523828838346,0,23.3390416307799
0.216718269345915,0,0,0.108982402868455,7.04428127618086
0,0,242.324592286444,0.218432398933437,26.7521820615895
0.20382646350294,0.852264125090923,51.0682017486549,48,2.78383151634712
0.022808987431374,86.2753815305312,81.0329330690003,0.092508589098532,2.72190243850716
0,48.4028716220423,0,0.385189689847314,53.8059736536441
2.56308313548738,0,51.6590497020753,0,0.723748248123664
0,32.2336170275148,55.5459508755101,47.0013907322094,63.7418170789381
0,107.9182689519,19.8454615843324,0.024750189279992,53.7786974401501
0.011207460795163,17.2232077334162,8.12120664394874,0,9.32129128082286
0.008182142437389,35.0863539754086,10.6850569963485,0.351413625289939,5.72844929924269
0.104194848288761,16.052560690338,7.49296120669016,0,36.113783784872
0,0.548371328178393,76.8193685700564,0,27.6098631602503
0.085954447438176,44.7663251463333,35.816416694383,0.551026068143286,95.792051611994
0.465038632733964,0,0.440008091375845,0,40.1780068398486
0.196594858602155,5.20999945177934,6.79319965242954,0,46.1982295771228
0.059850337543018,155.540697784077,0.494626346926033,221.232356265565,6.3973616134681
0.413933460095754,55.37933033844,21.1062014746115,0.095371577336664,14.5116774408495
33.9965701499778,113.917657110212,0.339688471872872,278.809126592272,2.34658639051206
0.631069694748492,26.7839216061748,6.44719501000298,0,43.9846569830086
0,25.0587073105266,1.34515694493161,290.011587479276,64.3218249048612
0,0.060844826527348,0,96.6333888339587,29.8558171475109
5.33209844994544,406.071501814494,0.173969746832939,0,91.3856242163966
0,8.5553084122001,0.001144929414597,0.435273208540065,46.178724594864
0,297.437158241321,0.09971642919995,0,49.1609051881568
38.44958241014,60.1994443481953,13.0672670394256,0.631826102914475,7.48303699611187
46.3181801393954,0,0.71090257099067,0.459571618881692,90.6222157721233
0.0809080254336,368.656864572202,0.744872264032041,0.536992925456858,106.60897787239
28.4579160893576,98.2511979577836,0.001213082713174,3.91668443672657,115.146087569453
47.7007080297616,141.134726445252,1.27546643409508,0.255462498401607,56.2774880514077
51.5761547703347,283.838861078017,0.538071060486944,7.96311650012968,110.727595957707
52.2008878055842,372.379516846999,0.4082760679553,0,61.9418807429544
25.8557138949798,50.5023784257485,0,0.488125097935738,126.840668471641
0.086311114866046,188.954983979251,0,8.48971573231437,138.582205036571
50.1236525898756,49.7082339076313,0.669712190979277,0.003147608764161,147.950418224342
10.1536738602422,0.075004707031955,0,0,47.7824382300861
45.9362235484422,0,0.130594263377832,0.676933800340636,70.7176639340343
32.498534200721,351.903033124944,0.009927327567066,0.00064283970794,48.8208400515196
0.024915253314776,347.148439009626,0.021447479935831,0.172196034670243,168.65742219169
27.9968294700739,57.6609928558764,0.024813693743764,0,95.9089395597759
42.2513969897757,63.7321769178576,0.30462832962716,0,102.562415940812
43.8454795530197,218.563351354224,0,0,102.13264910589
39.3842443881729,0,0.15811501321261,0,106.921571221311
37.0658345961795,289.871819291841,0,0.449816007918605,124.149272070949
30.2971212609495,268.417322342367,0,0.047942956824436,114.619788022304
46.6031220868203,53.0104736789951,0.016597769916155,0,83.1646226081632
109.855463827173,109.086725552736,0.018719828682983,0,110.393659990857
77.4290750757449,265.052418804663,0.105144965041908,0,92.2550941275103
84.1221404998377,403.622801624553,0,0,43.7937721995251
68.4800558383016,168.722580017538,0.021346570655669,0,95.0993641913805
79.8376732061577,55.9285167860585,0.07697426215868,0,85.0699895642073
0,54.1932324365182,0.097813312148926,0.0054986368182,45.9583604917205
111.775983999806,372.712201326005,0.047891559453794,0.279943972377118,194.874030450973
254.025170026741,220.71606038139,0.024874306629189,69.2888311191322,54.5913777767436
110.032474496786,257.047701225377,0.080218546404097,2,26.4729318399317
240.906708587708,65.6842573556305,0.17576298440665,0.010223021453963,27.8931203136485
89.4184688278828,308.442246364243,0.067004282668878,0,51.882248126597
56.8424791509504,60.1590208743647,0,142,123.723148478181
53.9295931940749,391.398548760467,0.00121619760477,0,54.1214669251708
205.905723494398,184.269006982227,0,0,49.1947679252896
180.096907289344,60.6287815967881,0.061729550696885,0.244825027406368,83.8938744611177
56.5382331996363,104.998754718165,0.000833577259005,0,37.1522171456174
24.1607429957815,250.140097432526,0.060947257139419,0.008176171139306,44.5164086551408
69.0919967416898,1.78658830543387,0.304787263481606,9.77239420644031,42.8447699647252
57.7160449209915,0,0.007640368034258,0.0822862927676,22.1107044708214
182.730811127338,0,0,0,7.42796282315861
204.347558504832,36.5416248365379,0,4.85001639971833,17.8318137020484
82.3869423351817,3.2973718583203,0,0.091803055958494,28.2013365123825
186.112686848727,68.046363302946,0.000334271949904,0.119434776598804,78.4291497117575
178.107874562349,279.589267802921,0,0.062099835702485,50.3227963106698
188.619462321688,22.9319322585976,0,0,51.2051207904971
178.402569778213,42.5751001243375,0.081421843705341,0.006430614427143,50.0140837110333
57.414918041069,0.486704229828398,0.029169528940992,0.461284258513592,30.7802984627027
199.040788992307,0,0,0.148065327450084,23.699441199751
48.0918003852885,0.254454509320852,0,0,51.0287842267951
237.036112801719,80.227887192023,0.280453341238918,0.003025351910199,52.5346555640884
218.900765883787,0,0.135754461760381,13.7895679236987,55.9721783024841
184.484499078799,112.26141723951,0.004052160698325,12.5502277520785,69.3584065855814
188.741011447966,69.0035789676515,0.102466726760729,8.07739398338329,18.1836724801719
58.0294463475466,0.010176010124264,0,0.000943602134462,77.0438251331631
211.982830557443,361.032135368716,0,0,112.975492202092
110.661559702795,0.161387818536263,0,36.4555430945982,63.7398166645126
41.4836376181796,0,0.005902545992556,4.99767004997745,47.0037465735286
191.172722883569,351.653351662639,0,9.20109264252326,62.1368141383927
187.55407610604,271.180223040542,0,8.92221816821924,53.9221823196079
193.79652612409,363.451428668455,0.053402795459414,0.09634369455295,0
196.725406948533,36.1417641036249,0.061557092518598,0.068116806726638,71.8905084731111
0.562520938791705,51.8743725669198,0.006391734125609,20.3422919787323,48.3693184943909
38.2844610789681,242.889954714902,0.056772506668363,16.6643113180383,19.0823796737006
238.466263709306,39.3523140657647,0,17.8231281780592,59.9865881080041
68.5233394432535,0.010771777939834,0,0.452434193300616,70.6193361210627
70.9038894152724,283.787157762807,0.044348844674917,53.9028516517948,87.4145383084433
7.75995053206691,0.099543778249483,0,0.05248318262282,39.3602389362608
219.617063848905,220.216661338224,0,0.193644455878751,92.2732129867252
138.929275074109,350.061301678494,0,0,88.6405210634475
185.846412954083,72.2388166387027,0.353613907674363,62.813433202703,74.2980368691942
28.3354505951952,0.645951684525977,0.095129460675906,0,78.6266327441543
215.929868210647,38.4298979833536,0,53.7383147497236,10.4869198216491
40.7817704655752,52.4263349725382,0.091785850678347,72.639169751594,69.6385134113292
174.203436198839,60.6919773875288,0,57.0098107377154,75.869320167921
33.8647034479014,0,0,31.2496098777879,80.8502048213915
74.8436133665985,357.60671510085,0.219139870765393,28.5902069749349,22.8345425887924
37.3914336475654,388.566228843686,0.068973996892289,80.3541856365298,72.0224433898439
4.13707686173615,276.054776487341,0,58.9736998733552,2.2657628649909
29.5930551915428,329.083999587852,0.292280682038486,66.7014199425085,81.1037320484988
416.832428709078,56.9875540714576,0,95.4547982391182,72.7975725263678
42.0561715242087,334.662015784691,4,96.3682651751079,81.547802179769
329.05144945314,245.696469814709,1,104.047730478123,87.9465756388353
306.748358886475,361.28668359886,0.071258030774868,70.4431220865124,74.1361578168007
54.4267409888192,301.161685525771,0.024987564705662,99.2344898542383,63.4032700655163
350.702961746794,191.881460934944,0,96.0296067121673,62.2470481267552
37.4215743230329,352.852843973857,0.007555935660617,0,79.2325631384573
337.294570394951,231.228282440689,0,51.178828642836,51.7021986187427
52.6850323545267,228.998527705232,0,48.0558059328045,77.5806042665345
10.6683983833119,301.95899857146,0.230790570563692,53.2314898844503,172.879798769571
412.847779800444,60.0203543219437,0.018330169720087,98.6023619671046,30.7439437521204
324.984771586508,362.011885740102,0.095813669337008,108.379920652165,72.2056762082878
373.173770857609,385.272906401871,0,61.6475823923723,43.3051828749975
233.279594605344,0,0.210216627038619,395.988035260581,84.90924507461
253.220370934771,241.380164706192,0.067710643632219,95.3554293196226,10.6107955718208
479.719489518925,52.7218325879425,0,0,22.3533472499657
101.985025614753,58.398016239805,0,387.738330760136,73.863222110297
49.6379163151798,352.356872430786,0.034874151085435,0.006877897493724,80.1279258013246
416.433427616706,0,0,116.117261252063,73.4875627254135
398.825476842001,91.4839817995872,0.08046256565362,401.410472261109,40.3648546893005
45.1778336843033,355.550857987528,0,67.0559646637261,90.5770479878333
346.577340757128,23.6816572102361,0.041696893287214,108.000255406047,43.5910266610729
359.840217275032,130.132784714838,0.019570056003948,0,63.5458760256075
7.92330050001606,41.2013215377675,0.040880836341088,212.53753588964,37.9012725499844
199.072247120319,79.3833562106866,0,0.000893588903193,89.6703788851786
13.688600655951,56.0174997017584,0,111.572893647422,100.473049531442
372.140210432379,58.1065923765871,0.089448421733641,376.962466457343,90.16228984292
331.35981427753,353.975453681657,0.018564017347327,231.905802201171,70.4906909572126
67.0478931577304,49.0801417125467,0,165.136884781429,44.5101138035639
265.319325780819,97.3172244472608,6.41285634930711E-05,292.575176314953,91.4981624525877
278.356704241701,58.7978473157556,0.339254250509196,349.187668129499,65.9634903198319
464.371902022151,387.941574668139,0,101.748358738071,70.9732523204124
127.783143700348,63.0543062368068,0.098224931970753,106.480524955447,89.9319262597183
314.613558754873,53.6896717927335,0.066600248906208,176.888876815995,64.191019127837
223.794983985428,287.043351134567,0.135456502516771,325.801992520796,69.5690396676963
62.9746154347463,0.063390945258642,0,14.5373239286429,77.1021699416187
345.676793537893,90.1029460523839,0.148112261105793,423.645873272481,67.4820452887323
355.195647154943,298.418026403523,0.029474133752773,401.038556769905,73.1808049651863
236.33878349939,119.680911872333,0,415.301205695349,63.0549723232766
265.315653301889,52.7034264705712,0.064258815000478,147.80867312096,44.0061887489353
279.685546902084,199.821069328281,0.501176011523733,304.07881651657,66.9156341538634
300.863985804829,392.346896662746,0,32.4840507739059,52.1873425674389
323.110924953668,56.3996197387916,0.005282300529287,55.5223971999499,78.3719300069499
23.065738583324,20.7754044383224,0.082363669238816,112.228984104243,69.3824116101298
296.713045643877,1.67546107659468,0.393388579848902,74.9440498971756,56.3619093295516
167.817965312921,286.43652525434,0.205912598703503,268.704374749133,73.6329437876256
420.131306447537,49.241049957744,0,321.679884758328,55.6377684735881
1.04058082692364,93.2240197360174,0,44.8179673101252,72.9398370665461
37.8422698997071,197.908447405086,0,419.905782780204,71.6215506602898
208.582350205822,89.4663211814303,0,337.211386746636,59.8116970056411
336.277260960061,337.135148884729,0.045244569919785,42.2883346694845,54.9067514649752
250.885718203849,378.864938576693,0,389.222176818869,90.1208820184054
370.904675464877,0,0.6605044537945,53.1031998561589,84.0559766238387
295.020628204095,231.868285942405,0.177744982433944,55.8634900784575,78.8914425669158
0.03779216776736,69.5333701734678,0.000686514687662,47.2072553028418,61.5227288143796
235.342730644067,69.4343699885244,0.658384896453072,315.402575721349,56.5280047350417
0.761314971358415,109.240716648604,0.184389574774863,105.471910378334,79.8737161283691
194.026073574931,216.639721686078,1.28564450759715,381.070724480581,93.5278902298409
127.127831977599,235.9326573214,0.136309159543067,406.952984084981,89.6249247253999
179.359562273021,360.193558614767,0,365.004445602679,74.3410388080986
397.714446453464,0,0.007005026528067,434.105529006385,98.0278031400278
0,0,0.00157775502778,408.835582868081,94.5918563414691
323.191951872876,324.113287065659,0,81.2744350946463,89.9614421880661
204.96633673379,331.10173562344,0,224.407987701825,90.2769346354524
0,49.1608226678701,0,225.924066860195,73.8485437272767
128.160639167576,108.311052686889,0,96.5901864930217,78.9781746647269
337.844351363484,291.088999841236,0.029912075203016,42.7470720820847,46.9936351908084
118.478103674767,159.618194001503,0,8.39407683787953,85.9138461150775
384.309113871816,20.5335053867273,0,50.960468357931,81.1391400311988
400.392833314052,293.100381727911,0,105.282124173833,90.7988456463062
0.053049906717532,388.060088187042,0,419.009227040493,82.7818077863694
240.635048041227,0,0.016401068197252,77.8060251031815,79.8941442240992
295.20610182658,0,0.636074657178354,38.8472263464785,79.148534660963
308.382421036547,195.271833156081,0,343.901939659187,60.4461062905693
333.719363248074,278.761670461297,0.028836799627079,400.74709912561,109.98684564814
425.991028130739,334.348831808287,1.45202667317878,70.0274519872971,93.9963358870248
243.636976715355,275.563027865324,0,370.435858129754,41.8112821282424
103.043091080925,109.277745414663,0,388.060978619077,55.1819454261952
322.901981481472,0,0,245.045022716042,76.2909077247572
246.00990153284,261.674142436993,0,342.539379874332,79.2719771641186
239.652405504742,0,0,443.087374708346,72.6661855069866
201.853058761253,323.036618007178,0,352.178439744016,69.0070789736506
48.2252219605315,276.092711206748,0.063309606129428,39.3325676896965,86.8892212870314
131.175381183993,65.1017347264383,0.351037659599798,313.123489338274,43.1738810570132
62.7597002582651,349.852396142355,0.051413718865118,401.823695821498,100.831373673775
45.5409940011519,0,0.416951198750431,142.201451518043,64.9676072895267
34.4445517069841,310.834035839537,0.251600460794979,251.09318647689,62.6973448666189
42.5225106102483,382.076189095909,0.20618103753235,113.059441022908,72.8876643243748
92.5113896507322,90.6031273180104,0,256.613110847937,84.118194968154
78.2294470137394,329.087905807809,0,119.91015432771,59.8689035260935
47.1445188528801,68.4976649729892,0,426.531847830506,87.0805900040715
39.6975532268637,163.84517733189,0.284910158316468,94.0876088917787,71.1957208938162
46.3805787641097,128.885708217525,0.592485805776431,391.011493863694,74.9236433943265
51.9158733491889,2.002335922479,0.485366251972514,435.789079230028,49.7966153904283
42.5788929662928,223.920813434899,0.002309922950872,67.2992551611078,36.588412565424
222.66152407146,0,0.207585217412714,245.192312171975,63.9064802837311
184.045552392905,0,0,214.910639004477,43.4987976300496
182.675493007588,432.562720288732,0.007819220313362,105.941246576746,34.9964830039491
196.257693208759,229.83886858669,0.528872883242299,336.669812899868,73.5526403955844
61.6973566289135,57.5283023650313,0,22.442844966547,59.5444613712253
39.8219310550856,290.148572256597,0,357.355014479461,79.1539782881656
79.1456224353881,358.700999505508,0.35659610971609,199.949696157403,170.407917103369
286.250254452653,287.30801501458,0,50.1369517635391,65.450617031558
49.1465629790303,300.026595642167,0,372.29018197203,65.6034264478531
35.7641027852519,43.6698016254911,0.700738340411948,234.209496361147,79.5344805711474
43.1881050920333,222.912222353715,0,339.485327768616,98.0122283919208
182.268658174889,258.0136324119,0.452271020829501,171.710394889574,80.051846522236
32.654006628366,94.7980813088192,0,419.117454035883,42.7922953851841
183.05749888733,286.185395209349,0,29.1377949671255,72.2560347934527
57.5333461007856,225.262513106253,0,422.25112410705,75.7487016270635
85.2972120222065,280.954371347881,0.170106799651349,205.588757586714,83.7711803866785
198.418106785103,0,0,64.8578517720892,48.3592727960403
84.7411773497491,0,0.047044241401467,61.9891609198886,28.0694756345171
95.0615459442511,340.336249230765,0.850277045684634,186.580796155281,89.1893448391329
179.510220315223,265.598216001217,0.417073975466598,265.649189220267,90.8481523083536
85.4423042722355,0.002654086386769,0.198955953105217,399.683931090667,77.4849214906688
100.692995651601,276.080395185436,0.121794874083087,409.008429516641,103.7057001919
192.791010939032,93.4354881086497,1.41832243139864,382.574679440985,91.2801085203618
184.452318121481,108.907127781642,0.046095860701169,375.286428273477,100.744574008933
86.6650570472718,329.52619029867,0.03671805977284,379.798783955619,84.3340099691555
110.510845754078,118.944445215371,0.114879926578119,438.595332614932,75.993616388151
95.1259619184687,123.597497467544,0.03341021107522,239.759675984999,85.5694821966771
94.7143506928771,270.614567125539,0.14051907335799,197.525672882361,100.946264594556
87.7863856295265,273.04498506891,0.98412041613523,339.453543174631,77.4705375279576
93.3510347177903,296.780719600211,0,180.049914500005,51.2345320976685
80.1550857674292,351.603724664452,0.008023098640599,441.650700488668,88.1905314347216
102.948472344279,0.01450081693922,0.556297565413641,317.91136565695,87.4573076282393
93.031213856135,316.034003841801,0.000128411906126,178.013330521874,79.386225887025
98.9667683363934,0,0.725284771059566,33.3775376118541,88.1513400846084
58.2186460494361,410.337505854234,0.033129207538234,263.719279001698,24.2324405159592
93.0738064723563,359.175472542329,0.067056619285114,384.89677426603,18.8314757387843
92.3561899573778,295.446327591866,0,345.074453723339,103.822518729047
68.507337687465,160.888826263055,0,209.792874968816,19.9316359458362
101.411178064431,371.705433154545,1.19296252510223,236.45462155268,59.5729354944936
63.1090638409102,283.166461596375,0.016016487744145,400.229868647483,95.1348862190303
37.2223271330797,356.429653747245,0.188992344101344,250.905559671438,96.1546170377166
69.9964933121023,25.9377212128177,0.01760299805066,274.082624900885,84.0583430990347
53.7619924496733,0.049316361767706,0,199.816642238126,148.689741572867
84.7994544508609,0,0,366.87091490187,71.9793074022557
56.7018739034919,380.129607334981,0,0.052512360763356,74.5848941009173
66.3147154778506,329.749637704802,1.35858648082366,434.622794684424,17.818335828855
33.0220897491885,276.874528015633,0.01419526694267,282.86857426643,92.4172826873424
97.0254393818892,321.320993762242,0.780615585643261,347.64592355585,84.7717335284669
51.3414728563617,295.40166228679,0.088101689750832,244.90140577667,85.3253051901721
98.5415565316954,0.010721046276392,0,235.690790781649,163.068502131146
48.8991321632748,26.2349601858592,0.98866497636654,146.547409758142,71.1116661417875
92.70272867942,341.835536503152,0.039979559512072,319.067344147061,89.1655263755352
67.2036855638414,0,0,340.265356492824,76.3626849859837
83.4015465489428,309.846215968092,0.001729089121405,0.02759824226762,82.7848773749724
66.0153184439776,304.258355114125,0.128993539922086,24.9798136971305,74.275460247239
98.8446106082692,372.724996360178,0,65.7080067512411,91.453078960539
40.2529034025284,227.930331164503,0,63.5363997899871,81.5734654716145
86.497734895423,278.660097316383,0,54.3732190069695,91.4709162115041
28.0456135496453,271.837613036862,0.167671293633554,287.368564109659,84.8676517767417
28.2665072578359,411.489939095574,0.045571723927235,384.167790770977,74.3817017461601
29.1857182251491,264.221369675013,0.129433171980782,0,25.1133600808585
26.4650739413358,51.2440433931422,0,237.396838020803,79.4529605363756
33.7451608880835,341.119719826287,0,87.6279396902847,70.8714100949406
17.1710710516936,423.607783312454,0.408420530708852,42.4724959310198,0
165.751819350861,47.55989215926,0,448.235489561013,23.4860119513346
33.0168259490921,109.0287123692,0.469596833396196,456.765089839464,88.0671945442685
27.7533578072379,67.6235699633259,0.049759525848982,0.24219268481649,81.9278279542913
33.442114463051,119.67088154858,0,300.200618887277,63.4185353514475
22.6129677230259,312.477914854098,0.00047293640736,0,82.0727330493835
49.5240021948662,45.8364844532464,0.068669246010578,450.704020944781,84.3193531409788
181.067247706782,225.825615374086,1.57164884169452,0,52.8928586753619
41.367430748553,67.2941776909059,0.549072891962753,57.9692577106843,87.3090162308763
27.058004876804,54.6198530724856,0.312665624582025,124.312357157432,78.0238893768258
23.146569582548,433.291989526809,0.29172043254687,448.520629520541,83.7047867325758
33.8173140805592,375.71210897647,0,0.092734980106527,81.4783265034386
22.7302580658005,90.4606120488174,0,0.064293981284767,73.617921227878
28.4298278717436,0.960835884217303,0.020511382812092,448.632059584459,76.9850213687357
39.3981946329779,0,0,420.00187613404,74.8139045685742
27.4535917386524,101.7599645351,0.611516341134504,0,66.36198315907
38.2022190048442,261.862074722359,0.100377753912299,24.2165241380955,85.3647841752187
28.8333599830735,406.349568711879,0.30285857222332,261.748745701952,81.4773713399837
26.494376319565,394.112336075676,1.3979318249286,261.120783308205,81.098250299069
35.3377308750714,388.827056588814,0.356719561156793,396.59604709483,131.524457265583
29.8722741197519,372.193335562679,0.907020353442983,464.297029619566,83.5198631804429
33.656769796115,324.714687621795,0.567217062541995,104.416157074075,74.562745141761
24.0677933403642,98.3507914185336,0.011542145380692,38.9676684811506,87.1775500408577
32.0168218003284,236.614095413829,0.283566548220612,56.4677151262497,15.0650204104242
27.6525655239539,310.970757654285,0,458.745458173307,13.4435112377787
19.7037901864911,228.881847905946,2.04646504375496,440.852013614307,66.9656544113069
38.3066380704812,399.354327311699,0.320755701092166,109.795260110052,76.5404777082215
61.4436574878142,364.131567051665,0.276221839139466,0.022279680037887,70.7737738582938
29.0555705682396,291.421905100027,0.196701249398273,471.501289759656,71.7072615293816
196.982384269716,243.218563020924,0,415.416804134084,12.420394782232
53.5998217644828,271.463052140798,0,48.2712073763471,81.7868375915808
50.0991080271103,279.379921592385,0.000380334208456,159.235617803838,79.1149528314922
67.3808329054416,297.595527426345,0.082750221156875,438.719873452242,77.1572885569764
94.7383622230489,199.27292974193,0,0.071012219916766,79.1960111002084
93.3637382898976,358.415856290857,0.010265900090522,0.000997244571577,78.824986027448
100.64446131414,351.146516753805,0,441.232144248353,76.635415947156
16.3128460451083,264.589241367693,0.289067268898438,64.6163303936146,76.4372255116179
24.5802507149446,363.199529877019,0,443.674748625771,74.1193834598658
91.342525177589,7.42476171680598,0.214770797836752,453.477823198699,65.809707354375
40.1201869637163,298.323057362086,0.055586889693713,66.2826259958244,83.8079297221023
134.594025249735,293.795884407687,0.055261999678613,181.263090706007,17.1181443685127
58.146875458565,0,0.749447982133014,102.528838722287,82.668619637274
41.0647260820746,444.650965265198,0.008142953062833,0,82.8867521304886
40.0945837357745,381.626175546617,0,0,83.5763354383371
39.6748712199143,248.072155020618,0,0,81.3824003531102
37.6083162804964,189.97463740051,0.045794434553842,417.009801768007,72.4446443727562
38.0348840034733,433.557747763262,0.001449097314388,93.6784749336963,92.3657083684506
180.625363928007,156.865388748367,0.086409453714329,268.846050931784,86.3043491692951
26.9698833015693,326.311226925756,0.246732142215364,117.751146100601,90.7801442185771
29.9550327749289,414.012259717343,2.4199586558098,285.418006256611,73.5995844439454
38.8779699609371,324.292445216095,0,4.71335891097869,81.1750402380546
177.194540968932,384.532913613989,0.546234180558024,239.403061171097,91.6028595042174
43.6818036724708,301.848888116508,0.040110411281602,81.005653740173,68.9219102468136
37.1400844416111,235.757294842004,0,421.518746737606,72.692152350953
34.3910022631369,200.344244094527,0,444.001487027201,71.4725938738595
33.8043914303932,336.646881412497,1.11915885366672,51.2921816356347,78.9445792770256
32.5654196288183,389.432623978301,0.351809951377007,3.05026032621984,73.2627429475083
35.301912308512,417.108149005083,0,0,67.3180639375266
33.0687210838055,393.988558544319,0.073337974342857,437.580396589959,66.6969568810447
7.50464012652989,373.163360573787,0,452.664637017379,74.478408398883
177.069561035668,367.063676541922,0,445.947924182659,77.967203525741
35.670200574736,117.419453220588,0.663864042435674,145.148584666713,81.4108514488922
171.762761010059,354.777262368395,0.104076590309982,349.120471405632,78.2462855181081
172.660239068643,312.67284567855,0.2738579100547,393.56627550413,82.4389080810056
177.274758312561,428.410087624676,0,37.8648489882373,63.2227837898218
175.257600490611,43.9694932764231,0,350.529780545409,58.1196021978709
169.941584005513,420.806962684279,0.002104037129339,0,118.297639848645
105.517303954026,354.292038826731,0.003146959097575,441.428007191162,80.8929136137426
182.327304737685,343.411717102657,0.626425082285375,58.7843983921009,83.6611390507066
182.58636679387,239.240665153109,0.84087670115672,0.127349214480083,71.8252716781746
179.890987251535,46.0522644017786,1.00856928986022,86.8548619135615,75.2040999043662
175.903773642054,433.546506715901,0.129523764585455,320.526871595761,79.2911631418172
93.7292337602039,402.382181791625,0.427416349398921,345.31421439512,69.080560040151
92.2150267882854,359.116074645428,0.245174281921854,342.088685940451,21.673712596055
205.322611873621,426.191257397765,0.170541148476825,47.5364235029272,74.3409401312711
52.6849150186257,24.8357064680657,0.012818221146727,372.277228705656,79.2309616322154
188.051225896241,237.768382623647,0,411.858024155303,76.0697984237773
52.076168861396,98.4836385539316,0,47.7109797615049,82.6684634418797
191.678137095655,394.681647579808,0.013725054329162,56.2757591482345,73.8905624403701
170.889189685209,419.460681054196,0,65.2897195432734,87.3378911846188
94.796431597993,380.395095002841,0.186127898818712,0.055221729769811,115.529229951617
87.3068141161499,233.451394438373,0.173868546871296,67.4203992158625,74.5728961039553
25.7259882740287,300.436349052431,1.62642361996047,68.122151343494,80.4294308121091
72.0310682873067,91.3802080028498,0,66.4912424641462,74.5546737190419
89.8748172170943,222.078980081746,0.265269639750586,113.568644219153,65.1982488569926
97.4190263564707,253.763819795679,0.103991798139937,72.7841889557711,68.0223638156569
13.1742888547627,415.178496596248,0.028611908520745,62.8155665423093,77.8293722011689
99.8334094527818,95.6876198751521,0.316505573928397,72.7334032220603,76.9243469714985
102.825872762402,96.4241664812757,0.152832160869896,360.089114607013,71.1832100952682
97.3797276933756,200.353355304377,0.772930347485769,65.325320402742,68.0052338464065
79.2946897920066,425.666247126091,0.003305909153629,61.7998674117721,80.4688034247967
27.1700886574171,97.2236639940332,0.055176258249218,320.700546505462,73.6303593651788
51.540820438903,256.645736201379,0.098867636350871,370.372273384178,171.832000408792
95.4713278819076,334.805789536677,0.234076267618821,167.600829466655,79.8707572959719
86.3761497138497,89.1064580486742,0.042020645471393,354.297331325371,121.169390010593
92.9483220517239,231.084502271566,1.2694502919812,71.5407737037381,72.0614172471231
74.0968871273026,378.958675837776,0.218902965181544,163.866653990152,75.2429373769204
96.0897020043504,384.471163607823,0,51.67440234308,75.1381752448878
37.2877072722905,337.966593957544,0,287.892131063635,78.2521532493994
193.192820237395,375.857051682693,0,272.456736704041,165.155014541264
94.2327246299915,446.611285878005,0.001745621353689,56.377843634492,94.5915194249116
101.915225597812,314.50754942249,0.364421545263406,382.926833783087,105.079178102706
97.1403429940672,360.538503619457,0.108924932589866,247.213656531309,109.684922319774
51.0270128230356,356.506042154825,0,254.995511019156,192.603574662775
33.233434350529,336.178214568553,0,109.196179308316,177.41396507297
200.069661487523,360.006391013378,0,55.0834592506418,165.183707330012
75.9029779779637,419.506046220927,0.745565652926059,279.198151935148,143.434856006471
95.8268840685367,436.021250895593,0.178327088069205,375.573592313948,175.622587180636
163.559783213971,8.47257148405534,0.227262942938103,390.285935506867,229.209777745279
186.828905021044,191.217836926026,0,150.689742416698,127.432107322065
60.1733246119704,309.982459123509,0.435913028502306,380.197081745324,252.89066918071
199.530558020273,169.472673085486,0.079910001887996,430.827455136307,139.299246145782
179.325968188531,424.287825573289,0,444.146703143073,101.556580945916
164.466400937916,395.703923489902,0.059381720076499,119.031036374671,192.89427210533
191.295676575221,385.87500974597,0.589136404968906,368.523721031525,235.098180326096
31.930341497216,412.399335548533,1.84238342449808,281.941311501368,204.02593671391
170.706473016143,385.984282822041,0.000149542618267,452.721265079367,156.834024061046
194.337980077539,190.246082005917,0.150902054512711,468.227466026955,165.008537794714
185.472084411655,388.203862358104,0.992821827387651,447.677403538629,87.8255328145153
87.0534082898907,374.095426035035,0,102.210836668211,224.399673903807
196.33200146714,392.807862936929,0.482175763742356,436.70933121678,184.358704448321
194.300077097657,307.411457618867,0.112511050328941,268.585442999688,214.964843152076
188.139520641755,0,0,439.410323212151,122.397638408437
9.10014935690057,412.831071439771,0.128383865819532,269.908591366681,79.8963048193806
208.437303613843,310.630611771506,0.029393231863504,102.591446518846,192.238245485355
170.287349596012,284.405349548334,0.308798591195478,445.960527256128,178.617180905352
5.70203933417659,259.975278843693,0.008272208932844,430.717261781409,166.176706361459
187.022143162646,152.562876425915,0.629632713013651,59.757517698843,179.02145705937
196.642423092305,272.144338229473,0,351.30552467211,89.7100162035802
193.953898184242,430.707346119908,0.032997182931779,57.9411610364078,161.949312754739
217.609143775418,228.257903083461,0.1681093097368,409.35097410902,76.8322561003691
184.69963641991,339.434670320273,2.53615236974617,58.4428857427596,145.234860767816
195.457551951457,217.282018593318,1.13171494455835,97.2025858879125,107.039123985303
176.529588508295,386.832139618444,0,458.742240186118,152.150715472973
184.218425625818,400.863371085446,0.055056083136884,328.190820989116,184.555756577237
174.285334236046,50.3084835298423,0.308435928826053,453.927658512113,196.63646048852
205.74017042482,366.560115685753,1.22080441663005,186.620627465348,89.5065239569058
193.943789123172,272.546549688258,0,45.6499270620403,110.649702861018
195.087592850102,318.67753338635,1.79059617681094,450.552156206356,154.045884900481
13.1954527837753,412.796903930546,0.478311763682411,278.113098351602,133.591324760354
174.334740867053,332.774483071988,0.412106787257325,20.9723867620643,155.87645288151
193.462672561106,429.919266659028,0.079979504945188,58.1174671992405,205.212195676175
185.360810124456,109.34177843795,0.17930376082474,0.011139786360626,260.938917682356
190.951839184111,38.7516657907128,1.47387639979464,64.0008952317908,149.951083832201
186.517526480062,88.3093705785008,0,444.83953286565,187.717386767893
0.000782369589069,208.834968831372,1.29446745583479,426.548781134622,170.391314990492
196.18442325408,399.154500661078,0.001971887786262,294.34029673596,186.718486799714
200.688788536577,333.842376988604,0.550103258903892,377.335638152884,184.258616007102
201.863827887622,347.098759678405,0.582564823964381,416.697409632247,108.274742285692
183.94137444052,351.047611937376,0,386.52996259397,103.206475942834
168.521792089873,109.298632231854,0.077018545128695,364.447569661831,191.20415739556
208.720835051282,377.017046304542,0.164640445593069,358.02390677403,91.1280693187664
204.352143670256,303.921034063782,0,358.228002968286,122.55380194216
4.51268246022897,292.464309270443,1.76387097987985,108.341891617975,208.890106991223
224.905996263425,229.088627130225,0.02970308980327,309.064191123646,146.435599266661
191.136394935186,442.109956012304,0,417.341525830381,114.142499178007
5.76057266227168,117.91696446182,0.029930116006989,0.00265555308883,64.8910219818303
185.283949875965,316.20553799807,0,43.9881911222331,85.1997232572727
10.5263895478947,274.409915392088,0,123.023638166099,83.103619221155
176.787145020708,129.796144120795,3.68066699449547,68.3827432588279,96.3580586591215
180.34920594619,239.006975093717,0,65.5449091973039,71.6138453481584
184.409354457156,117.970370471822,0.384011110224097,70.028023290349,91.4620608477053
191.718451966337,223.743202262168,0,313.389700177099,66.0527640037759
210.511568637182,122.063755276314,1.1436916596418,268.400885798351,147.871905282036
215.286935669595,209.068859057036,0.23120748424227,191.701283576989,59.8890958286797
199.689637300599,435.693094250824,0,54.4325787841573,185.107109360336
180.072534159053,129.828588426308,0,58.1908292620982,74.4738468597177
0,29.6108540908641,0.000145506470306,321.026250088608,99.1954451988566
199.130788756656,153.517964360849,0.035898008001894,60.2667811730813,44.1486418582159
187.437134288102,275.460225528369,0.152336600418981,67.2153587850439,86.9884936578826
178.299449548702,132.720486430056,0,388.493018069409,73.7828037217275
192.775423787467,113.768409950663,1.03061563765458,72.7972481895453,93.9810552194567
231.819419953477,412.771465010979,0.213906105654506,365.87711999695,122.958180533741
222.02535321391,180.12232303097,0.418648976391772,89.3554099389849,65.0155936792782
141.789611336172,249.072869520338,0.007253060265047,71.3525090798819,65.9008688460438
215.2529272869,258.105921554193,1.94446658485861,335.108174375866,62.286104132
194.577666074495,398.674090069129,1.08369721429593,0,137.994735702807
190.613620970686,297.064491364386,1.96121907219702,61.7390266167705,69.097135788779
194.28780810831,409.331689492776,0.24378596007203,47.5309895903315,71.4714441926
185.643168479608,412.575211636681,0,292.266164418371,137.82072928628
192.184575175088,270.842179179707,0.323482916064659,71.3614431889292,61.5484662429409
193.703298422828,338.328255133697,0.285130023168504,262.775459199077,150.880202303629
187.721257289916,297.193666466273,1.12648676291247,66.6200401580781,63.4563589212978
193.995705496206,303.543253507441,0.001199548851072,34.0548961896113,94.6286898374497
192.9639401788,328.551113050372,0.118857392583153,21.4393152061351,100.563535585792
187.325181867237,313.370779073216,4.55648273272328,13.5201844330239,97.1888577604945
181.428589812503,300.370865669466,0,52.5411490448147,126.515478975528
205.776543504867,370.713144655661,0.874437233245907,60.7581234276944,136.689319980332
202.383519863975,348.968966222558,0.279659481177197,408.087118459386,56.8839339685581
221.42388435369,411.533330873942,0,112.518916843546,24.5531341547317
192.178352748185,264.767509433163,0,441.423397233529,107.18731438025
285.051423901749,248.235693683938,0.289270187596105,79.0345720631275,162.757555110158
307.445745714428,266.163974597835,1.25234812771129,259.658387387222,138.344936938576
608.422406600301,422.872807620182,0.005279872250503,474.128892086285,68.0310336643427
685.487968002567,368.616317949696,0.183637966394316,425.190643413651,128.924780573785
533.62100654275,254.95862596328,0.370568038245739,108.418650040748,97.58675505615
398.346285634768,364.059312284628,0,15.2520946855896,68.4644398604258
563.099023527302,106.522701048379,0,440.576357135968,133.555218290408
71.9604046388802,298.627852834873,0,21.088877028108,57.2391672123775
547.376961468548,20.2419250224585,0,455.062754292786,135.715732899797
344.377332848946,354.91308173792,0.744632011551551,466.160300949642,158.326617444944
334.598101103421,364.211443041725,0.863562053150554,0,168.243926302481
373.714510097554,355.122097373069,0.000220967740463,424.472582260586,233.20866405307
291.709605493034,346.589801905241,0,433.328564902983,66.3007665523041
338.285688987888,349.061011687227,0.42029599822259,373.651743835692,92.1056235580005
389.268026647612,407.747943004409,0.215989506451792,274.833614912615,96.9467799251236
75.7411557405619,376.087134635579,0.418492450540067,293.774375900932,113.426357645962
340.344605097386,313.914816483324,0,0,97.809760003154
350.99825567329,26.9433158733647,0.103429615163149,71.5239033590264,99.9616427670244
333.113420777161,417.014947619318,0,388.151274524773,125.121776584815
373.781330592665,288.864367402552,0.329571488222092,68.7993014306319,135.675066780377
297.875611234117,414.020685680953,0.122058194259443,63.8602985749712,80.0313354653956
655.236010225458,44.201162781088,0,65.3310517513559,76.9301537936609
440.94963812898,198.038225554044,0.008148265821763,0,123.042349036727
363.975661166744,49.1459057733659,0.086819936446003,65.1191621714246,194.176666316131
380.489303308813,49.9553829297656,0,67.5153333424804,175.889056384658
268.314660276764,0,0.31454624772209,0.007959823251053,176.413299893676
144.661742503118,380.605441039832,0,63.9798754533626,80.9554165223467
534.835609512346,82.7199531312321,0,67.4582366680015,245.05000738487
412.577927068884,312.365823107888,0,66.2906927934597,101.936708014843
131.254382633987,358.437398810194,0,62.9862473307822,196.719209944653
167.271318936407,276.473586105899,0.002048289454801,52.8355001498664,66.0475282477607
85.363916425411,408.989919249949,0,64.8474117032006,103.104111613582
78.9563042059558,407.924028711929,0,59.0201966634904,71.973483048822
56.965454080415,345.002247184858,0.478940348846192,61.5876527357203,137.894721568568
90.3186290420005,86.797772164916,45.6833030898127,60.6141626375624,109.486702050071
92.7335245964163,340.471147645516,50.7647079007644,66.7101553878002,82.5628052467747
167.669593275654,282.435020082006,148.238281831622,65.4332998785752,141.244222574553
485.553447727021,270.782969920854,51.9494967453785,65.0074340259095,149.853764032788
505.866617815544,387.924118758702,120.341194222366,59.7187348311404,136.136593414859
594.107146701551,210.992612015269,138.315158403652,63.6570959946427,169.971533268011
89.2986196794632,375.73668392066,97.4267704571882,63.9818894051131,144.270832812778
642.70642106221,405.215139577927,78.2277135027758,68.1046161913596,125.659207783668
136.528285257571,345.515804755723,76.9611612661952,59.437260208631,69.0753934448102
96.0991553131586,269.255547723899,71.6261215722471,64.6006833679268,76.2760676153669
98.0608564761956,362.952293018225,100.187731933221,66.8507651986407,119.506219299456
640.798224025313,355.393943450343,80.2220570771591,67.3335162831756,78.4815446542528
159.555245907612,261.748807584356,95.6016830995506,68.3138700240293,82.9804412911232
95.3801258104114,296.378015420226,94.2937465724032,64.2462302103096,69.1308986333848
39.4176149575331,389.911474439627,111.617250564851,66.359125544156,60.5046023950756
411.736271357777,228.10445493032,58.2390411899876,64.1371528219484,150.144394821319
95.478442953805,78.4439699813114,83.0790922441668,59.6387010877073,71.9973460992446
755.724923639015,384.769089251739,65.2661661077014,66.9653522943362,51.074876170533
61.9551441982751,336.691124017469,82.6329507538203,57.0817130731363,64.487379600622
97.9493363550828,285.084536182359,43.0094544319161,69.253424189744,56.8647538481546
750.677832769668,366.731055444151,53.6052151994033,68.7988948500647,61.8759152130787
103.803025304068,378.678028122155,101.378095222375,61.0563262292159,50.8173050118605
697.161750254528,207.723630287721,82.8430301949103,60.908887282624,60.6154259347709
675.655480655626,336.660706302734,150.827421671312,65.3081587566122,66.7581648171139
89.0172945715463,424.981760082705,124.160201796656,66.6411505877801,57.8877095408657
569.356943158928,369.057043611723,185.234134256708,53.1128950039156,66.718607927307
570.082779619212,367.536180208886,51.427370010973,58.7716915187875,130.751444847415
378.139390900538,336.482301517289,69.0139249329781,68.5757085267555,122.451888433843
573.557006182375,297.101820188639,93.5790838475772,66.2570618809143,120.26459162676
471.345786322473,252.780015815531,227.896445394071,62.0721545048225,71.4021481935071
636.304944183811,358.525793980223,71.5486077168917,70.7707330652043,77.4521727771232
209.620662948974,109.647126624496,59.0218205145449,64.3104242178814,107.979349811661
537.530119349704,334.049115263937,66.364172061854,60.5028891975282,71.5802832352503
542.913937006133,274.942539995459,106.282340665377,61.1338429831803,106.74588592848
607.460825827865,411.126991307804,123.415264950241,60.7895280605354,133.611377413966
84.4117380500754,371.748546516298,57.2466414616063,449.97340804223,103.62892897516
606.689975206914,392.352050878458,88.8152347381748,65.1018137858988,159.82189817925
594.827129634921,369.948847118148,178.66714503416,67.6176568186227,75.5425014212143
461.766426886238,414.847149043131,44.4760701371015,67.7481122569099,131.623267095589
418.044165466681,288.583349757095,251.571317215952,356.752904546601,157.695982850859
539.784242920175,265.452038424415,151.617234102433,84.9174355845278,86.5325208499316
517.918177381491,214.916993865553,42.9408483211951,386.121202787776,123.834164476635
593.606535293952,403.782695893102,106.627458346094,309.323786659434,108.53071081851
501.659395880302,422.030676757288,90.6408118833523,102.015139963158,96.042860685901
526.706005885438,261.909695968185,230.611528361214,446.802099465302,83.1946363611339
561.031575331098,324.926396837149,101.135854649097,48.5989885120451,53.5952918746199
579.451416973954,287.144198282932,107.795266116274,30.1273045606253,97.1017379866587
608.793309299948,288.517387563192,97.999976913706,62.738351348634,129.025029589202
616.4032378445,357.535212809942,101.442064744262,364.928701823659,127.132769885388
273.888547760703,392.286852299153,48.9527802508853,68.4363610528282,61.0989798961362
635.171070713988,402.145221484101,63.0245032082153,472.599941240667,155.398893145799
364.967186060119,323.773601605231,128.797000541777,51.7965164220269,81.3531099202196
55.0641674841547,318.628542788165,78.5112400096736,461.085550080832,128.4811930956
77.8982212621615,356.604137800206,96.6818256525568,81.1184614519124,136.294632007707
452.205615770173,374.161117910115,76.8723065115089,435.925877801363,82.0439480638695
91.6773702101335,273.884208659954,91.706811411294,25.7763697949425,190.707626587743
516.970247257493,267.415991085448,78.7898396783428,413.266993132025,97.1701981574081
82.8523045739696,266.796924626659,55.0334640125198,434.915921747712,188.740373270815
185.358708207581,361.698389771827,62.5946324323276,22.1394804062773,109.145953281224
457.727723904221,82.3464408364395,53.8501161234151,34.5967838903467,106.085361338504
270.066474462376,389.910195038745,58.8160654807322,109.974748720295,168.820171147667
149.748058876109,391.181191214335,106.307338629732,22.40207972071,221.976896494877
34.210126464391,317.277138660246,112.248113384292,16.0955222165031,189.976300782677
90.4515937887993,421.771486624986,102.935738513549,53.3816587566591,171.684295306872
91.8585414409484,427.211171598571,78.2076803987912,14.7374580457378,243.025845771147
161.204868450761,407.817229336768,121.012283748355,456.84047631111,138.662615048387
89.9688659786644,432.929572371747,118.325152678373,44.5713923052981,151.95245591023
116.138691731017,438.463318626972,119.837866408675,431.013159061014,99.1502507109144
101.7289014335,262.188201427013,110.795105104097,60.5287308143426,125.795477919869
99.2565072352356,89.7771665772899,96.4028279805528,0,99.5959763132783
0,225.43502704391,178.594479781524,473.101307087451,165.197104478298
60.0240800487365,415.286461389649,70.0464409414169,78.9698227864602,160.854816441482
152.955857188497,254.390837506827,181.100625756226,434.301295036806,193.798039785753
489.656021314626,250.310405913792,115.536458018218,457.450379720491,143.317512307575
85.4876868594016,247.138150395264,153.391693454609,448.041351683106,192.945650645873
658.282580985362,406.479492780108,67.4682319982155,442.362339158182,176.49813147752
56.0677437453059,385.966073226751,89.4860566283881,446.622351068589,87.2265164340809
168.307532545444,302.064860033006,98.3473935225938,113.653995978795,137.756112614195
92.4830248648012,385.251739739859,83.9936804915724,101.123572010868,106.195575114903
141.502030256085,286.871179180683,118.150336026781,429.212353856657,127.169838262421
94.7433401981454,426.511506202988,60.3838755420361,59.3073735737071,155.504487641853
31.6598079930266,158.057983079538,138.689929250338,94.7521520374678,168.45903947438
25.418056414508,298.908157240416,106.38148964997,0,134.962453601845
35.3388030014281,348.702446441747,64.8848557844081,439.238169209302,87.7189820207245
20.7709902041242,384.189718059665,164.286971822949,451.588574849705,86.8972951357959
84.6467121116581,386.449106196732,121.132733818748,450.06040502882,109.196062394323
59.0732845808392,335.82613024019,162.853813190011,447.263664738062,92.470019558461
712.947717260108,261.377177084267,55.07717091885,410.949103213248,168.10909762846
676.262244011852,334.2102197747,108.613199882922,446.451890763413,104.515095447959
695.794165716737,149.016405949705,185.242495302748,416.859610583457,117.513922714062
89.8443288294081,427.795991121092,87.9561287494385,393.710289866789,143.480970148217
675.057560683605,338.2237173875,181.014006365026,310.92094214205,145.820350433527
521.221429059956,331.77344033371,107.529073675196,82.3863192022271,104.483785800235
666.285153707584,429.936836047223,106.248460198985,393.284152633002,79.0917552450012
590.370411241335,281.155607568437,166.043739157493,280.909501676444,113.567354396079
717.442662113372,262.819437018122,112.391017038884,106.341581393691,155.502405311218
373.232777337611,236.268230437609,145.495048231777,153.5352994429,157.163898957605
594.759164226963,404.911896292253,111.054978081217,389.964821310841,122.624142325145
607.167492929746,294.19602455788,109.624637541377,382.334842246341,99.9005461832213
511.810037520833,261.385956210712,95.2459716662228,266.348057719838,123.925974598851
566.840005939209,320.866967551193,221.327042754141,211.225397653896,152.9067309371
625.014992353356,384.595745560083,87.034859969445,286.042921845278,173.247267310831
46.9454084039712,355.974468272136,141.663216632257,82.5716511240387,169.431658829612
656.432079029162,379.900144831068,179.231190240449,308.489703441512,112.60451513534
445.650848459687,348.328790666753,67.8969022633928,355.855503948128,141.520917344858
128.598863260987,263.247521831969,107.736972665545,227.687834658664,160.918105393518
664.397183261007,379.465346035356,226.36762152229,224.527511549198,122.225385282888
654.356282993901,362.437612861458,175.858910484279,0,102.028986052426
571.047342816114,232.393480947708,99.0397680743172,336.456550694961,133.837519352472
685.89201119847,407.760272561398,270.500469216815,0,128.728696449877
165.134291669282,422.508678855182,259.493309501913,169.480564881518,158.735158252221
530.554540102536,417.83508322405,259.558909876673,266.01669554326,165.39129047093
643.884922150022,292.946529566545,254.850649156542,257.107109004348,173.561092566741
733.40661626899,369.149282471572,68.1376820649571,237.312556283689,135.081101939392
196.847820619109,379.105946054018,95.3379198817716,193.558056361336,121.312972374963
553.184432823064,306.427008154001,139.369664118993,0,67.6808131169019
191.975619957333,108.836894044001,284.191286571209,331.101152221072,110.017545661584
75.2074629960645,261.402458259291,200.050990111124,308.121718595761,131.836781146173
172.223459562184,462.03922892679,123.692942295125,389.834924014782,123.132902754931
463.798918090698,175.889864436227,286.335321953432,320.857787277131,151.627363465703
355.721927402343,230.019257430959,232.952069578009,301.803719068396,99.0290414277684
441.754754451949,245.162468511622,315.154226609078,318.704877727491,136.844238393105
493.139415297257,352.558589708443,103.195695126596,200.950712351456,172.129931791644
561.736136558396,354.647232041974,376.515842475119,25.9202959192593,140.736003449667
57.4664628809258,433.356262725569,41.9561160124594,23.4401372480201,119.664316580364
63.9590983820059,304.178895590035,367.623859582284,247.753769790468,132.529577719041
139.77205632716,304.520680040044,283.181597389615,0.00103108839212,124.772286249854
713.682206401523,292.96034991271,111.741200749726,0,169.714626705385
651.855352011788,272.9592063658,300.76524777164,107.158851831353,121.737831484634
537.100844839605,275.030614053574,171.51480024068,452.455544895581,124.761899854742
599.091959767556,318.248776973207,195.751643538277,452.227777770635,119.020530836784
611.268388376987,0.298984428723966,322.294350418999,0.172341222374454,200.448342500668
35.3344937199523,224.689929409549,214.152692766998,448.59423324543,152.418747261033
512.217451748195,341.645302798746,222.702022394466,469.178234777518,137.667292015537
2.68144119831466,351.923795953898,228.18698118349,4.7277717247603,124.621010373798
347.861229838696,281.26923495749,239.077292925793,4.50659738666426,92.1886511720469
653.264675124737,282.460850514882,306.757878625889,0,120.858254094648
484.236285577649,327.428036237325,279.344657998287,0,75.4478005444277
717.945046360575,274.313819547942,313.75453028184,22.04180581701,134.410255271852
147.208237927425,315.187909969975,282.493430554166,458.455778148589,143.916879350465
660.841815139263,384.184421429492,87.5037240993324,455.723190837987,129.253554546242
21.1198130708429,333.12678773622,343.115190701611,2.97467624339004,63.7693082880379
670.852140263378,233.28607513166,325.1049538323,253.652251295899,143.100783398673
666.8100722141,247.576758732918,210.67822901776,0,131.950270927592
320.550506812693,214.070330685766,312.686124815242,71.1576800560675,136.211281863433
552.233678035595,307.088614833522,289.477550546458,451.877853211969,147.455830719255
728.786722398217,293.743070365715,329.092275483405,70.8168969749148,89.3612970771812
529.976169798742,252.213901948569,347.628348713611,456.813346374016,144.070084031954
4.09534533281683,267.509190872007,299.296179604252,449.900949732258,70.9798971701897
690.679051926769,360.650021721023,349.10815503341,113.007213197903,77.9289049623943
669.68311152456,402.111874939463,315.443148409883,106.149289140933,78.7378575512911
711.340833655505,281.111760828515,305.877291145299,110.501089012169,127.080854306097
386.466247539197,108.808294935245,83.5896245682898,0,101.286049363788
725.533622864578,296.121857592013,300.49367402712,111.024226761278,76.5021748585991
601.854148979353,332.887743103518,382.740172814956,354.452795736185,132.071401832141
578.95688544191,304.03534950035,346.39317622853,118.694313938493,145.456772492314
601.637270474317,301.050215822101,315.727119871599,467.133380878088,77.5796012806466
660.088564390683,282.310902102686,151.964612297173,467.101413434984,83.0180022878079
661.975511188099,331.799010597073,257.446623783911,213.129428291211,143.085446409449
331.232511133457,317.386236807633,245.527696370065,182.475471323646,61.0301284785328
751.957014769045,449.24469913972,195.13381009175,469.254845874871,80.0581774879254
714.112755594553,445.721529201179,245.615466435862,0.012091854225159,125.473409632037
747.27664276937,305.092254814853,112.577432844746,344.273751663854,79.1583485555887
408.504744811565,41.6268508720397,393.101583829971,389.189817433592,105.616831135633
701.508179695639,340.877293730453,362.067889930619,465.347000897491,149.374955615974
78.4192947316736,397.896266441459,392.496233215844,434.945809238258,148.316786508448
660.71269416916,404.432298017015,324.477002730882,422.285352856349,142.262723870541
703.854758104119,102.199431291594,322.746394288665,458.229647613607,140.309593425948
658.155124369529,148.625593689923,378.487090936081,359.701066496933,105.956157840129
600.098932888509,276.316882990456,323.481634374005,391.712940318767,177.582061854348
598.44219277412,417.030028170751,362.972236416494,115.755366336419,169.072522363459
640.724484620194,274.05607028882,105.7294875636,357.502269383857,181.719003297766
583.100122192557,298.105909891297,282.251189899856,398.180509371627,165.298556950968
586.399032051988,281.000350653912,340.192505715221,396.661107747719,112.274969167116
666.255266191925,75.6333891007184,302.684835507188,274.77798841987,138.059347715413
614.6031487526,352.456235752256,250.284570909995,292.948885600283,131.206253872333
651.062646049801,400.628967804889,306.91844973535,352.574127037148,107.7517177138
627.158378812918,253.551947009637,336.710905604028,346.484156333655,171.833626118028
589.752756819867,369.982686710145,92.7244560294773,278.394481517282,137.839851457752
670.463680152514,398.297199693234,338.455436230703,241.107668199635,142.633673873465
608.036340811053,286.855317668864,384.879743501857,334.516977436622,131.782977127634
586.115649034987,356.638729692936,342.397880630159,61.8780347682018,95.3001878787187
313.686944495389,276.805434792391,261.454311104833,411.110825937263,139.426636282217
581.760629481467,368.213712512354,378.296722706727,64.0360351575135,182.537868923355
651.08654204295,318.475270690264,311.981813356526,355.474737554266,104.045886138344
700.836827788133,270.572953007683,407.133052134853,419.986547612042,153.731703592236
596.510240026228,367.778738629848,332.501331089523,145.003719590575,146.060387883909
532.367732055303,289.671801857113,312.622705476648,50.0123877492713,118.3021940179
633.520206491295,349.813948583819,362.017692248836,274.114212376633,68.1590243646837
557.492275398709,193.572102146733,382.863864534216,317.326279661662,85.2119846708136
468.931312483402,241.537385780237,306.607745710211,425.290661137916,40.6827667924112
531.854043783248,393.554003447363,359.943931825598,155.589367600154,60.499572592577
660.626267514181,432.005152615206,271.482487688469,286.527823474232,62.128766681438
101.21532849723,295.635260869405,208.509241538065,344.748366484316,67.542673638307
601.213409210211,285.391604356402,46.3599301714178,24.8683371141632,140.03971702731
97.0134122514406,208.998074037719,349.073798884304,0,58.2794107743965
123.71837656626,278.155226162037,256.741348808344,258.317393918068,53.7371345350435
688.194125101202,3.34384725908816,322.098389061732,58.026047790311,52.1226989711932
606.627261440748,377.627684267,92.3205548590564,356.043858443761,68.8350288229637
105.706573457452,298.151504941143,329.812085248678,0,59.5685940324822
93.6566658821618,351.03328106697,381.283175755928,300.989325274496,62.4723055212534
21.2473388875979,292.390955642711,97.4448715161008,334.428184996354,143.214828356064
103.236141177389,405.783196013163,179.916668341238,428.790744196621,65.6317101357355
143.465680963674,197.950789647392,302.914712736765,446.697586833396,173.2122427215
100.216468043572,394.579759991961,203.4097188936,429.347480139676,74.8935507931991
690.405057454233,119.260488454879,207.780639634202,66.0642050456646,58.0007299465964
91.3106667373332,175.495329957369,307.678525738742,400.498767435183,118.361799090349
66.3875568848113,427.605416647289,379.412359459143,12.1769093988621,177.368578727827
29.1706394457986,50.458677093895,264.231820679945,377.977573681574,126.258431139668
196.198573417818,424.484732307283,423.038607874013,239.707479835096,159.948394982222
748.872727536558,291.888569226764,299.022049464664,23.5046612124334,135.679703030075
144.325831742096,39.8689111373072,351.17536196718,458.326443646495,104.534696413831
71.1333487156111,323.782510725222,203.935941953643,35.0766749931249,200.517624838953
41.5401584625267,337.751361118179,294.071115307333,448.311019154378,174.626268179046
32.779637436122,82.363692079873,106.166335980986,74.3446223921457,127.193980921947
23.0153181909675,374.930354548522,294.744065532773,9.57393439506313,80.7703302861959
122.869101091136,329.173038487432,288.058246363509,457.937537014595,114.736100350216
98.264964746285,282.722267084027,305.76312402304,444.149169601043,160.734870620708
720.287292329532,366.46289579864,354.067715737598,474.329774567142,141.602661471226
86.0834745141358,364.221953279503,274.744640318865,21.664078236878,154.443565507426
92.8985804383662,361.310523611501,386.875487747218,94.166719923465,157.3027082059
24.5845644896051,246.605905233701,356.184801330588,19.7829437344318,154.521719839138
48.0026056623339,311.814874353596,279.645826890994,30.3967443626169,132.403551729706
94.9254805560988,299.819190238853,327.865477140333,35.7028780315331,157.673544577909
111.189201562375,182.932281231838,399.067833458819,94.0565353608954,149.949427409927
731.975389456138,307.201718837966,387.555835133047,468.948103167902,127.143468378471
71.2933952938815,266.851008057223,324.218810345345,0,71.1086423958561
133.044163593048,306.00902340824,304.204805448351,455.957897902233,136.355747376768
105.703128527408,223.394912120118,369.290690486112,470.223943169496,126.85192104535
624.635161752533,240.06616298062,405.18335673676,235.61290709461,156.726865773647
22.4385989971881,151.244454995651,297.195489552197,0,42.1220173465002
321.690032644215,299.64550299229,369.132008452223,405.236054225288,149.443581613333
93.4586592147417,280.685150829233,302.821170916926,113.249435642306,149.553513257726
92.5083531564035,203.00111438516,389.798502120919,121.455705194556,136.79624457308
685.274328513172,325.116366076957,329.932029807094,70.5132608159993,146.939325036417
93.7243425875023,217.598512883053,34.1101382535062,428.732264040645,150.381850259688
722.709265257657,240.447737337889,359.346382524971,468.162372433659,148.155310182013
279.724029450447,294.937034267281,306.326141855611,0,124.596940144266
349.899078364875,225.308705538599,54.3029371395219,69.7928999255398,190.919579489759
630.304739792799,227.237033764275,272.777935952645,447.855937827884,141.877194602753
87.8616709208345,269.089159807973,288.295458086495,37.6173219083447,152.712885539729
133.004535792711,212.404890926002,124.616577963589,449.848273879118,156.863406440954
483.684837572786,237.48327615005,353.542999350885,0,120.962232218213
711.583367194168,285.123612168088,304.036389443695,67.7557354410244,171.53216900271
162.951351213554,228.956753999175,350.787571414597,424.986087507845,141.908253150887
391.694676720452,199.782236726974,388.61765867451,434.614166812776,174.725912906904
710.418005404938,201.358843587919,365.697019510197,41.1726351410812,141.417403036233
702.182634863511,222.525636806371,316.524990246601,356.546026382659,148.164337338133
593.715591557627,184.218560761728,344.163449566428,442.457833752538,135.831617472778
687.761038772399,210.763866334435,333.793021167514,0,143.939158939079
631.402254757607,260.620475798113,384.565278629736,405.804453842017,145.867225641073
672.541225603354,165.791875835593,315.805267658038,0,155.379309553763
646.857779883843,189.457452463996,353.603394293336,425.076118160752,60.1138861643113
583.090803316572,197.853626127477,365.825213721629,418.775472788906,147.241010601129
