warm-dawn-63,feasible-wood-57,spring-cherry-40,denim-firebrand-37,wobbly-dew-35,playful-dawn-33,sleek-violet-32,distinctive-shadow-29,silver-vortex-23,splendid-gorge-21
0.0,0.6000000000000001,0.0,0.0,0.0,0.0,0.0,0.21999999999999997,0.0,0.0
0.0,1.12,0.0,0.0,0.0,0.0,0.08,0.2,0.0,0.0
0.0,0.0,0.0,0.0,0.0,0.0,0.0,0.0,0.30000000000000004,0.18
5.460000000000003,0.0,0.0,0.0,0.5,0.0,1.4400000000000006,0.0,0.0,0.0
0.0,3.9600000000000004,0.0,0.0,0.0,1.7200000000000009,0.46000000000000013,0.0,0.0,0.0
0.0,0.24,0.0,0.0,0.5400000000000001,0.5599999999999999,0.0,0.0,0.0,0.0
0.12,0.0,0.0,5.0,0.0,0.0,0.0,0.0,0.0,0.0
0.0,0.0,0.0,0.0,0.0,1.5399999999999998,0.0,0.0,0.0,0.0
4.200000000000002,0.0,0.0,0.0,3.480000000000001,0.0,0.0,0.0,0.0,0.0
0.0,0.0,0.0,0.0,1.44,0.0,0.0,0.0,0.0,0.0
0.0,0.0,0.56,0.0,0.0,0.0,0.0,0.0,0.0,0.0
0.0,0.0,0.0,0.0,0.0,0.0,0.36000000000000004,0.0,0.0,0.0
0.0,0.0,0.0,0.0,0.0,0.0,0.0,0.0,0.0,0.8800000000000004
0.0,0.0,0.06,0.0,1.840000000000001,0.0,0.0,0.0,0.0,0.0
0.0,0.0,0.0,0.0,0.0,1.7000000000000002,0.0,0.0,0.0,0.0
0.0,0.0,0.0,0.54,0.0,0.0,0.0,0.0,0.0,0.0
0.12000000000000001,0.0,0.0,0.0,1.8199999999999998,0.0,0.54,0.0,0.0,0.0
0.0,0.72,0.0,0.0,0.0,0.0,0.0,1.2000000000000004,0.0,0.0
0.0,0.0,0.0,0.0,5.8800000000000034,0.0,0.9600000000000001,0.3,0.0,0.0
0.0,6.160000000000002,0.0,0.0,1.7600000000000005,0.0,0.0,0.0,0.0,0.0
0.0,0.8400000000000003,0.0,0.0,9.360000000000005,2.4,1.8000000000000007,0.0,0.18,3.100000000000001
0.0,0.0,0.0,0.0,0.0,0.0,0.0,0.2,0.0,0.0
0.0,0.0,0.0,0.0,0.0,0.0,0.0,0.0,1.5000000000000002,0.0
0.0,0.02,0.0,0.0,1.800000000000001,0.6000000000000002,0.0,0.0,0.0,0.8400000000000002
0.0,0.0,0.0,0.0,0.0,0.0,0.0,0.0,0.0,0.0
14.260000000000012,0.0,0.0,3.0,0.0,0.0,0.0,0.0,0.0,0.0
5.160000000000003,0.0,0.0,4.56,0.0,0.5,0.0,0.0,0.0,0.0
0.0,0.0,0.0,0.0,0.0,0.6000000000000001,1.5600000000000005,0.0,0.64,9.360000000000007
1.8000000000000007,0.0,1.9799999999999995,0.0,4.960000000000002,0.0,0.0,7.840000000000004,0.0,0.0
0.0,0.0,0.0,0.0,5.520000000000003,0.7000000000000001,0.0,0.48000000000000004,1.6200000000000006,0.0
2.800000000000001,0.0,0.0,0.0,0.18,0.0,0.38000000000000006,0.8999999999999999,0.0,2.4000000000000012
0.0,0.0,0.0,0.0,0.0,4.800000000000002,0.0,0.0,0.0,0.0
0.0,0.06,0.14,7.9200000000000035,6.800000000000004,9.460000000000006,0.0,0.0,0.6,0.18
0.0,2.4400000000000004,0.0,0.0,5.0,0.0,0.0,0.0,0.0,0.0
5.580000000000002,0.0,0.0,0.0,12.60000000000001,3.2000000000000006,0.0,0.0,0.0,3.1200000000000014
0.0,1.4400000000000004,0.0,7.0,0.0,1.1999999999999997,0.0,0.0,0.18,5.040000000000003
0.0,0.0,1.5200000000000007,5.760000000000003,1.0399999999999998,2.5000000000000004,4.799999999999999,0.0,2.7,9.500000000000002
0.0,0.0,0.0,0.0,0.0,5.88,0.0,0.0,0.0,0.0
1.3600000000000005,2.560000000000001,0.0,1.5600000000000005,1.2999999999999998,0.16,0.6000000000000001,1.8000000000000007,2.240000000000001,10.240000000000006
0.7200000000000003,0.16,0.0,4.560000000000002,5.5200000000000005,1.560000000000001,0.0,0.0,0.0,0.0
1.0,7.400000000000003,0.0,3.0,0.0,0.0,0.5000000000000001,0.0,0.0,0.0
9.360000000000007,0.0,0.0,0.0,0.0,2.4,5.399999999999999,3.839999999999998,0.0,0.0
0.0,7.020000000000001,0.0,3.2800000000000016,2.6000000000000005,8.82,0.0,10.200000000000003,0.0,5.8800000000000034
0.0,2.720000000000001,0.0,4.000000000000001,0.0,2.2000000000000006,1.3200000000000003,5.52,0.0,0.9599999999999999
0.0,3.2399999999999998,0.0,0.0,0.0,8.319999999999995,1.0000000000000002,1.0000000000000002,0.0,3.100000000000001
0.0,2.1600000000000006,0.0,0.0,0.46000000000000013,8.4,2.480000000000001,9.120000000000005,0.18,0.7999999999999999
8.360000000000005,1.8000000000000003,0.0,3.600000000000002,13.60000000000001,0.0,0.0,0.5599999999999999,4.559999999999999,0.0
2.8200000000000016,0.0,0.0,2.160000000000001,0.0,3.9599999999999995,0.0,0.0,0.0,2.0000000000000004
2.5800000000000014,6.120000000000001,0.0,5.0,15.0,9.800000000000006,0.0,2.859999999999999,1.3,0.0
7.400000000000003,4.000000000000001,2.100000000000001,8.460000000000004,6.300000000000003,1.5599999999999998,0.0,9.100000000000005,0.0,4.199999999999999
0.0,2.7199999999999998,0.0,4.920000000000003,3.7399999999999993,9.000000000000004,1.8600000000000008,4.1400000000000015,7.920000000000003,4.56
0.0,0.0,0.0,7.600000000000005,2.6400000000000015,5.439999999999999,0.0,4.000000000000001,4.500000000000001,12.48
0.0,7.920000000000003,0.0,0.0,6.3,6.599999999999998,6.000000000000001,1.5400000000000005,3.5999999999999983,1.6799999999999997
0.9000000000000005,4.18,0.0,2.5200000000000014,12.0,4.559999999999999,0.0,9.900000000000004,0.0,0.0
5.0,0.0,0.0,4.060000000000001,0.7800000000000004,5.8800000000000034,6.240000000000003,2.16,2.8000000000000016,11.34
4.0,0.0,1.0,9.200000000000005,15.540000000000006,12.599999999999996,0.0,8.36,0.0,1.4
3.8000000000000016,11.000000000000002,0.0,9.800000000000006,0.0,0.9400000000000005,3.4000000000000012,13.8,0.7,12.160000000000004
0.0,5.7600000000000025,0.0,6.000000000000003,12.160000000000004,5.459999999999997,12.239999999999997,12.540000000000008,1.1199999999999999,5.5200000000000005
7.0,2.5200000000000014,1.0,0.8800000000000004,5.460000000000003,7.479999999999998,6.480000000000001,5.059999999999997,7.200000000000002,0.8
18.00000000000001,0.0,0.0,0.0,7.0,3.600000000000001,4.920000000000003,1.9200000000000008,1.9000000000000006,0.18
15.600000000000014,3.3600000000000003,3.4000000000000012,8.060000000000002,8.960000000000004,9.239999999999998,2.5200000000000005,8.36,6.600000000000003,1.44
18.480000000000004,11.500000000000007,0.0,12.920000000000003,14.08000000000001,3.5199999999999987,7.560000000000002,7.82,3.780000000000001,15.68000000000001
15.540000000000006,2.2800000000000002,0.0,3.9000000000000017,9.360000000000003,11.960000000000008,8.500000000000002,8.960000000000004,3.100000000000001,2.8599999999999994
18.900000000000016,10.800000000000006,3.200000000000001,5.280000000000002,10.800000000000006,9.680000000000001,2.0,8.959999999999999,3.8400000000000007,8.320000000000004
21.06000000000002,4.56,5.52,10.920000000000005,13.600000000000003,5.12,1.8600000000000008,3.9000000000000017,0.0,5.6
6.0,6.480000000000001,4.6400000000000015,6.820000000000002,8.360000000000005,11.0,1.8400000000000005,18.000000000000004,3.899999999999998,14.959999999999996
15.960000000000004,6.480000000000001,0.5400000000000001,0.6800000000000003,16.120000000000015,6.400000000000004,3.0,4.440000000000002,0.0,4.619999999999997
10.0,4.3000000000000025,0.0,8.400000000000004,4.080000000000002,13.259999999999996,6.44,11.960000000000008,6.599999999999995,8.74
14.760000000000007,7.2600000000000025,8.46,4.620000000000002,4.6000000000000005,15.840000000000012,4.8000000000000025,7.56,6.799999999999998,4.320000000000001
2.8200000000000016,9.660000000000004,6.160000000000003,0.0,7.200000000000005,13.200000000000005,3.2400000000000007,16.500000000000004,2.56,0.0
19.74000000000002,7.480000000000003,9.600000000000001,11.220000000000004,10.640000000000006,12.400000000000007,1.760000000000001,10.799999999999999,4.320000000000001,0.0
15.0,11.219999999999997,8.68,14.559999999999999,13.440000000000008,16.800000000000008,7.200000000000004,2.6000000000000005,5.3999999999999995,2.6000000000000005
8.0,13.599999999999996,5.2200000000000015,15.12000000000001,13.640000000000011,10.920000000000002,11.020000000000005,4.8000000000000025,6.960000000000001,5.2200000000000015
18.04000000000001,8.400000000000004,1.3,0.0,11.160000000000007,23.76,0.0,21.56000000000001,3.2400000000000007,5.7200000000000015
12.04000000000001,5.600000000000002,5.000000000000001,17.280000000000012,14.820000000000013,13.52,8.640000000000002,13.86,7.360000000000002,24.60000000000002
12.920000000000003,8.160000000000005,6.48,14.400000000000011,5.760000000000001,11.660000000000004,16.319999999999997,20.40000000000001,10.139999999999993,16.560000000000016
16.560000000000006,6.120000000000001,7.360000000000002,14.700000000000014,8.360000000000003,11.200000000000006,6.400000000000003,11.559999999999997,7.200000000000003,6.72
14.080000000000009,4.0,7.199999999999997,25.900000000000034,3.899999999999999,11.020000000000005,11.519999999999998,19.44000000000001,13.259999999999996,9.680000000000001
15.120000000000012,10.880000000000004,7.199999999999997,7.920000000000005,10.260000000000003,14.7,5.88,2.280000000000001,8.36,10.5
15.120000000000012,12.160000000000004,2.5200000000000014,21.0,5.180000000000002,4.399999999999998,13.199999999999998,7.219999999999999,8.280000000000003,10.5
7.680000000000004,4.159999999999999,7.1999999999999975,11.880000000000004,11.400000000000002,8.799999999999995,10.539999999999997,25.47999999999999,7.000000000000001,12.000000000000007
12.920000000000003,11.020000000000005,0.7199999999999999,19.040000000000003,16.340000000000014,5.98,3.6400000000000006,22.44000000000001,7.040000000000002,16.560000000000016
12.160000000000004,4.4,6.720000000000003,0.0,8.740000000000002,13.939999999999996,13.639999999999997,14.399999999999993,5.7600000000000025,9.840000000000002
11.220000000000004,6.840000000000002,5.8000000000000025,29.400000000000002,4.479999999999999,9.840000000000003,13.319999999999995,11.899999999999997,9.899999999999993,13.440000000000008
17.680000000000003,6.299999999999998,10.359999999999996,17.820000000000007,9.600000000000005,7.1999999999999975,17.000000000000004,23.040000000000017,5.04,7.14
18.720000000000017,9.920000000000003,12.59999999999999,27.520000000000007,12.759999999999998,9.900000000000002,14.56000000000001,11.0,11.879999999999997,14.959999999999996
14.260000000000012,13.500000000000002,6.000000000000003,10.360000000000005,14.000000000000012,6.600000000000003,14.519999999999996,16.639999999999997,6.400000000000001,16.000000000000004
16.100000000000016,3.3799999999999986,3.3600000000000003,21.0,5.98,10.079999999999993,15.120000000000013,13.200000000000001,11.199999999999994,19.32000000000002
10.200000000000003,13.0,11.699999999999992,21.84000000000002,12.000000000000009,10.12,19.32000000000001,17.680000000000003,12.88000000000001,19.44000000000001
21.600000000000023,2.4799999999999995,11.500000000000007,27.0,0.0,10.139999999999993,10.5,0.0,14.7,9.900000000000004
13.320000000000006,14.000000000000009,13.0,24.640000000000004,8.400000000000004,12.479999999999992,14.000000000000009,16.8,11.200000000000006,8.280000000000001
20.400000000000002,12.160000000000005,8.839999999999995,22.36000000000001,8.640000000000002,11.199999999999994,13.440000000000007,9.680000000000001,8.959999999999999,16.800000000000008
18.00000000000001,17.339999999999996,13.920000000000009,23.200000000000017,13.500000000000002,7.9199999999999955,13.86,16.91999999999999,18.86000000000002,10.800000000000006
9.840000000000005,15.120000000000013,4.9,23.520000000000014,23.560000000000027,12.000000000000007,17.86000000000001,15.36000000000001,11.040000000000004,13.340000000000003
17.160000000000014,5.459999999999997,11.880000000000004,26.400000000000002,0.0,12.800000000000006,8.800000000000002,15.120000000000012,8.960000000000004,22.880000000000013
13.640000000000011,10.08,8.640000000000002,19.80000000000002,15.84000000000001,15.960000000000015,17.599999999999998,15.960000000000015,10.560000000000004,16.240000000000006
18.000000000000014,14.000000000000009,9.239999999999997,24.180000000000025,16.820000000000007,8.959999999999999,21.120000000000015,12.920000000000009,13.51999999999999,11.879999999999999
23.10000000000001,19.200000000000006,15.979999999999995,23.400000000000023,11.000000000000002,15.839999999999991,18.719999999999995,17.679999999999996,10.12,18.000000000000004
22.44000000000001,9.120000000000005,10.919999999999995,22.680000000000003,6.079999999999999,12.600000000000009,24.96000000000002,18.92,16.239999999999984,13.52
22.040000000000013,10.080000000000005,5.879999999999998,22.540000000000013,17.280000000000012,14.80000000000001,13.50000000000001,19.6,12.87999999999999,24.000000000000018
24.000000000000018,8.7,10.199999999999996,15.040000000000013,0.0,15.54,16.639999999999997,23.400000000000016,16.80000000000001,20.160000000000007
19.22000000000002,21.620000000000026,4.320000000000001,22.14000000000001,12.319999999999999,12.720000000000006,20.640000000000015,18.719999999999988,15.040000000000008,22.879999999999992
12.000000000000002,7.499999999999997,16.91999999999999,19.240000000000016,6.44,12.920000000000009,15.680000000000009,20.160000000000014,3.100000000000001,19.759999999999994
22.44,19.20000000000001,9.080000000000004,14.720000000000004,11.500000000000007,17.159999999999997,16.32000000000001,19.720000000000017,14.839999999999986,23.220000000000002
24.42000000000003,10.880000000000004,9.120000000000003,20.70000000000002,6.600000000000002,16.500000000000007,21.460000000000022,22.00000000000001,10.200000000000003,19.6
24.320000000000018,17.679999999999996,9.72,26.240000000000013,10.120000000000001,15.639999999999995,16.100000000000016,17.200000000000006,13.680000000000007,23.00000000000003
27.06000000000001,8.099999999999998,15.580000000000014,24.960000000000026,16.8,12.300000000000008,19.360000000000003,22.260000000000023,16.960000000000008,18.04
21.120000000000015,13.68000000000001,6.720000000000003,11.700000000000006,13.0,10.800000000000004,18.000000000000004,19.200000000000014,7.6800000000000015,21.120000000000008
27.28,10.120000000000005,12.319999999999991,28.00000000000002,12.000000000000002,24.000000000000018,21.239999999999984,19.500000000000004,12.000000000000005,16.40000000000001
31.280000000000033,12.540000000000008,12.59999999999999,21.120000000000008,9.600000000000005,16.119999999999997,14.039999999999994,19.500000000000004,12.479999999999992,16.740000000000013
23.10000000000001,16.320000000000007,14.80000000000001,29.04,11.44,16.55999999999999,19.380000000000006,23.520000000000017,16.200000000000017,23.040000000000017
21.120000000000015,14.28,13.77999999999999,20.160000000000004,14.760000000000003,14.080000000000007,16.40000000000001,20.460000000000022,9.599999999999998,18.719999999999995
24.48,13.44,7.019999999999996,13.760000000000012,12.000000000000002,14.759999999999993,17.679999999999996,17.500000000000004,15.200000000000014,26.400000000000023
27.280000000000033,14.720000000000008,6.719999999999996,29.64000000000003,11.880000000000008,20.399999999999995,20.580000000000016,18.40000000000002,10.34,23.39999999999999
21.760000000000016,17.63999999999999,11.959999999999992,21.59999999999999,14.000000000000002,18.24000000000001,17.63999999999999,19.759999999999994,21.239999999999984,28.079999999999995
21.120000000000008,12.540000000000008,7.979999999999993,27.300000000000004,10.080000000000005,18.719999999999988,15.839999999999991,21.060000000000006,14.400000000000007,20.700000000000024
28.120000000000026,18.400000000000002,11.79999999999999,33.300000000000054,17.280000000000012,16.319999999999997,16.40000000000001,23.320000000000014,18.719999999999988,15.180000000000014
14.520000000000005,14.519999999999996,7.840000000000004,25.160000000000032,10.680000000000003,19.599999999999998,21.99999999999999,21.060000000000006,20.240000000000006,29.000000000000046
26.52,16.640000000000008,14.279999999999996,24.42000000000001,16.240000000000006,19.079999999999988,20.159999999999986,19.740000000000013,17.94000000000002,23.91999999999999
25.42000000000003,9.72,10.199999999999996,29.40000000000003,11.500000000000007,15.979999999999995,18.480000000000008,20.40000000000001,13.77999999999999,18.40000000000002
27.88,15.680000000000009,16.720000000000013,28.799999999999994,13.500000000000002,15.979999999999995,24.500000000000004,24.500000000000004,17.280000000000012,25.99999999999999
27.900000000000034,15.839999999999991,15.600000000000016,32.68000000000001,9.360000000000003,20.519999999999985,14.440000000000012,24.80000000000003,4.060000000000001,19.799999999999986
28.16000000000002,15.180000000000014,12.240000000000006,21.839999999999996,11.040000000000006,20.519999999999985,22.080000000000016,22.440000000000012,19.760000000000005,25.99999999999999
21.84000000000002,18.000000000000004,9.440000000000005,24.43999999999999,3.0599999999999996,20.000000000000004,23.199999999999985,29.760000000000037,15.600000000000016,21.160000000000025
26.88000000000002,18.400000000000002,7.600000000000004,30.340000000000046,6.160000000000002,20.160000000000014,19.780000000000022,30.799999999999976,17.220000000000002,20.000000000000004
21.70000000000001,17.27999999999999,14.08000000000001,14.500000000000002,12.320000000000007,26.24000000000002,19.380000000000006,25.000000000000004,19.439999999999987,20.640000000000015
19.22000000000002,13.440000000000007,14.29999999999999,24.43999999999999,8.840000000000003,15.979999999999995,18.35999999999999,21.120000000000008,14.559999999999986,25.300000000000033
32.680000000000035,19.360000000000003,13.760000000000007,19.680000000000014,8.74,18.019999999999996,18.699999999999996,26.88000000000002,19.500000000000025,16.740000000000013
31.02000000000001,19.2,8.880000000000003,18.86000000000002,8.320000000000004,24.39999999999998,19.599999999999998,21.120000000000015,19.599999999999998,17.599999999999998
33.28000000000002,18.000000000000004,15.119999999999992,24.64000000000002,11.000000000000002,24.11999999999998,20.799999999999994,22.880000000000013,14.400000000000013,26.40000000000002
22.940000000000026,15.200000000000014,12.960000000000006,22.560000000000016,9.720000000000004,15.979999999999995,18.000000000000004,21.500000000000004,13.51999999999999,21.319999999999993
29.04000000000001,20.160000000000014,16.320000000000007,29.580000000000048,10.200000000000003,24.64000000000002,17.48000000000001,20.240000000000023,15.000000000000014,22.560000000000016
28.80000000000003,22.319999999999983,12.980000000000008,24.840000000000032,11.160000000000007,22.440000000000012,25.44000000000002,28.079999999999995,16.38,23.040000000000017
26.24000000000002,18.400000000000002,17.92000000000001,18.04,10.120000000000005,21.000000000000018,15.979999999999995,23.320000000000014,18.300000000000022,26.51999999999999
26.04000000000003,15.979999999999995,15.000000000000014,25.92000000000002,9.600000000000003,22.260000000000023,25.200000000000035,28.200000000000028,19.380000000000006,25.800000000000022
31.360000000000024,16.91999999999999,17.28000000000001,24.780000000000033,8.700000000000003,20.680000000000007,19.740000000000013,27.559999999999988,17.35999999999999,26.500000000000004
28.80000000000003,20.799999999999994,16.799999999999986,23.92000000000003,8.559999999999999,27.439999999999984,20.500000000000004,23.520000000000017,13.120000000000006,30.799999999999976
26.660000000000032,20.580000000000016,13.50000000000001,21.42000000000002,5.600000000000001,28.079999999999988,23.91999999999999,19.239999999999995,15.979999999999995,24.480000000000018
29.40000000000003,15.839999999999991,15.639999999999995,30.36000000000001,13.300000000000011,24.64000000000002,21.199999999999992,25.92000000000002,17.70000000000002,28.800000000000022
31.360000000000024,19.32000000000001,17.92000000000001,26.40000000000002,13.360000000000001,22.419999999999998,23.00000000000003,25.99999999999999,19.000000000000007,28.599999999999987
28.80000000000003,21.239999999999984,9.500000000000002,26.840000000000025,7.400000000000002,22.680000000000025,24.200000000000017,25.960000000000022,20.739999999999995,21.279999999999998
27.52000000000002,21.59999999999999,16.899999999999995,23.94000000000003,6.600000000000002,29.280000000000022,24.79999999999998,29.67999999999998,21.99999999999999,26.40000000000002
27.900000000000034,19.799999999999986,17.86000000000001,27.280000000000026,9.180000000000003,23.760000000000016,23.94000000000003,23.92000000000003,17.27999999999999,29.639999999999986
25.520000000000035,23.320000000000014,13.50000000000001,31.320000000000054,8.900000000000004,30.600000000000033,24.64000000000002,24.840000000000032,20.799999999999994,24.96000000000002
25.800000000000022,19.999999999999996,15.600000000000016,29.70000000000001,5.88,21.500000000000004,21.419999999999995,23.000000000000004,20.519999999999985,30.23999999999999
22.400000000000016,19.760000000000005,22.399999999999988,33.60000000000001,10.580000000000005,29.280000000000022,24.39999999999998,26.660000000000032,19.52000000000001,26.40000000000002
30.380000000000038,18.000000000000004,15.120000000000008,31.080000000000048,6.44,25.960000000000022,23.100000000000026,29.67999999999998,21.079999999999995,27.840000000000042
30.36000000000001,21.599999999999984,22.439999999999994,34.040000000000056,10.000000000000002,27.36000000000002,29.119999999999987,32.34000000000001,22.779999999999994,26.40000000000002
32.34000000000001,22.260000000000023,23.179999999999996,29.400000000000002,6.720000000000003,23.00000000000003,20.520000000000003,26.51999999999999,16.340000000000014,27.999999999999982
24.07999999999999,18.699999999999996,21.28,34.0,5.600000000000001,31.199999999999985,25.200000000000035,30.000000000000004,25.559999999999977,28.079999999999988
35.88000000000004,22.799999999999997,18.600000000000023,31.080000000000048,8.960000000000004,29.919999999999998,21.120000000000008,29.140000000000036,23.39999999999998,28.599999999999987
30.600000000000033,25.599999999999977,20.16000000000001,24.48,4.800000000000001,24.000000000000004,25.599999999999977,28.000000000000004,20.399999999999995,26.879999999999985
28.520000000000035,25.960000000000022,23.599999999999984,32.680000000000035,8.840000000000003,29.000000000000004,28.599999999999987,25.800000000000022,25.45999999999999,24.96000000000002
21.080000000000002,19.360000000000003,18.24000000000001,30.340000000000046,9.720000000000004,31.62000000000004,24.840000000000032,30.74000000000005,27.720000000000045,28.599999999999987
28.200000000000028,23.500000000000004,18.759999999999994,35.27999999999999,5.46,29.580000000000048,24.39999999999998,30.000000000000004,20.059999999999995,29.000000000000004
26.100000000000037,21.42000000000002,18.199999999999992,38.15999999999998,5.319999999999999,29.000000000000046,24.780000000000033,31.85999999999999,22.799999999999986,30.23999999999999
27.900000000000034,25.52000000000002,19.800000000000026,39.199999999999996,7.599999999999999,28.500000000000004,27.720000000000045,34.32000000000002,23.459999999999994,24.000000000000004
29.70000000000001,23.999999999999982,20.16000000000001,29.24,6.240000000000003,29.000000000000046,20.240000000000006,28.80000000000003,23.03999999999998,24.95999999999999
27.900000000000034,24.000000000000018,20.16000000000001,35.52000000000006,7.680000000000004,31.500000000000004,30.360000000000035,23.040000000000017,16.55999999999999,23.500000000000004
29.919999999999998,22.080000000000027,16.379999999999992,32.39999999999999,5.5200000000000005,34.40000000000001,24.36000000000003,31.919999999999973,23.03999999999998,24.07999999999999
30.080000000000023,25.200000000000035,21.079999999999995,33.300000000000054,13.52,27.559999999999988,21.59999999999999,30.23999999999999,24.39999999999998,29.280000000000022
27.000000000000025,16.38,20.399999999999995,34.96000000000003,6.3,36.04,23.520000000000028,31.67999999999999,23.520000000000028,28.079999999999988
26.24000000000002,22.04,23.94000000000003,35.64000000000003,6.720000000000003,33.48000000000003,26.840000000000025,33.64000000000005,18.719999999999988,25.44000000000002
33.83999999999999,25.52000000000002,22.099999999999994,37.10000000000002,6.120000000000001,31.359999999999975,29.480000000000032,33.000000000000036,22.319999999999983,27.600000000000037
26.04000000000003,23.939999999999994,23.119999999999994,31.00000000000004,6.600000000000002,28.420000000000044,28.60000000000003,30.239999999999977,23.75999999999998,29.11999999999998
24.000000000000018,23.179999999999996,21.759999999999994,33.600000000000016,9.680000000000001,35.340000000000025,24.780000000000033,31.320000000000054,24.11999999999998,31.199999999999985
27.52000000000002,25.200000000000035,21.00000000000003,38.00000000000002,5.46,30.77999999999999,24.000000000000018,30.77999999999999,22.419999999999998,29.119999999999987
26.04000000000003,22.319999999999983,20.16,31.980000000000015,5.600000000000001,31.320000000000054,26.400000000000023,36.58000000000002,24.11999999999998,33.279999999999994
25.42000000000003,23.939999999999994,19.599999999999998,39.00000000000004,7.14,28.200000000000028,34.55999999999999,32.480000000000054,21.959999999999983,26.879999999999985
19.720000000000017,25.200000000000035,23.03999999999998,32.80000000000002,5.200000000000001,28.38000000000001,25.960000000000022,29.11999999999998,21.28,28.800000000000022
22.800000000000015,25.599999999999977,22.080000000000013,32.39999999999999,8.360000000000003,32.480000000000054,30.500000000000004,31.31999999999999,28.52000000000004,29.000000000000004
24.180000000000028,25.199999999999978,20.80000000000001,36.480000000000025,3.6,31.320000000000054,26.46000000000004,31.800000000000036,25.07999999999999,28.500000000000004
20.40000000000001,23.520000000000028,20.700000000000028,36.26000000000006,7.200000000000003,33.60000000000004,28.98000000000004,32.400000000000034,25.83999999999999,27.36000000000002
20.88000000000002,23.939999999999994,19.800000000000026,35.70000000000002,7.200000000000003,30.74000000000005,26.840000000000025,31.900000000000055,25.599999999999977,30.679999999999986
27.06000000000001,23.599999999999984,25.559999999999977,35.72000000000003,10.080000000000002,35.840000000000025,28.000000000000004,30.239999999999977,26.219999999999988,32.50000000000001
28.700000000000003,27.720000000000027,26.399999999999974,36.480000000000025,8.000000000000004,34.10000000000003,26.680000000000035,35.96000000000004,26.399999999999974,32.23999999999999
20.30000000000002,27.720000000000045,18.56000000000001,35.70000000000002,3.3600000000000003,34.10000000000003,21.620000000000026,30.380000000000038,23.939999999999994,28.500000000000004
24.96000000000002,22.799999999999997,21.00000000000003,31.080000000000048,8.68,34.80000000000004,32.50000000000001,37.20000000000002,25.07999999999999,35.96000000000004
21.00000000000001,25.45999999999999,21.12000000000001,39.780000000000044,12.000000000000002,30.16000000000005,28.32000000000002,33.64000000000005,25.599999999999977,26.40000000000002
23.76000000000001,23.599999999999984,21.12000000000001,38.48000000000007,3.8,33.48000000000003,30.679999999999986,32.24000000000004,24.319999999999993,32.00000000000001
19.200000000000006,25.999999999999975,15.840000000000009,38.87999999999998,6.880000000000002,29.11999999999998,30.720000000000024,34.15999999999998,26.399999999999974,30.720000000000024
20.40000000000001,22.679999999999982,18.980000000000008,39.22000000000007,6.459999999999999,33.48000000000003,28.98000000000004,37.12000000000004,26.219999999999988,31.500000000000004
21.120000000000008,23.39999999999998,24.139999999999993,37.43999999999998,3.0800000000000005,37.20000000000002,32.00000000000001,34.72000000000003,29.920000000000034,31.500000000000004
21.06000000000001,27.720000000000045,23.459999999999994,38.48000000000007,9.260000000000002,31.320000000000054,24.780000000000033,32.400000000000034,23.39999999999998,30.679999999999986
19.22000000000002,27.19999999999997,22.500000000000032,38.22000000000004,4.500000000000001,32.400000000000034,30.77999999999999,32.860000000000035,26.979999999999986,32.00000000000001
18.600000000000005,24.79999999999998,20.400000000000027,38.76000000000002,6.960000000000002,32.24000000000004,24.319999999999993,35.40000000000004,26.219999999999988,33.50000000000001
21.940000000000012,29.920000000000034,25.83999999999999,38.15999999999998,6.480000000000001,33.06000000000005,30.679999999999986,35.340000000000025,26.639999999999976,33.8
26.520000000000007,29.400000000000052,20.48000000000001,38.22000000000004,10.200000000000003,36.00000000000004,28.52000000000004,32.00000000000002,24.699999999999992,31.000000000000004
27.20000000000002,23.100000000000026,23.459999999999994,40.280000000000015,2.8000000000000003,30.23999999999999,26.46000000000004,33.48000000000003,25.07999999999999,30.500000000000004
24.420000000000016,26.399999999999974,21.12000000000001,39.00000000000004,2.6400000000000006,35.40000000000004,28.500000000000004,33.60000000000004,27.19999999999997,27.84000000000002
27.04000000000001,22.13999999999999,22.080000000000013,36.66000000000004,3.8,36.30000000000003,31.500000000000004,38.44000000000001,26.979999999999986,31.919999999999973
23.220000000000017,25.45999999999999,25.919999999999977,38.00000000000002,11.120000000000003,32.479999999999976,32.00000000000001,29.760000000000037,28.399999999999967,32.50000000000001
27.76000000000001,19.91999999999999,28.98000000000005,41.36000000000002,16.219999999999995,36.00000000000004,32.39999999999999,38.280000000000044,29.599999999999962,33.8
26.59999999999999,25.45999999999999,22.779999999999994,36.00000000000001,8.040000000000003,32.400000000000034,33.279999999999994,31.68000000000001,27.359999999999985,31.500000000000004
27.12000000000003,27.720000000000045,26.979999999999986,37.44000000000004,2.6400000000000006,30.74000000000005,30.720000000000024,34.10000000000003,25.83999999999999,34.84
21.00000000000001,27.19999999999997,24.000000000000014,40.560000000000045,10.160000000000002,35.27999999999999,29.90000000000004,35.64000000000003,28.799999999999965,33.8
29.640000000000004,27.59999999999997,23.360000000000014,40.700000000000074,10.800000000000006,34.68,33.59999999999998,34.10000000000003,25.199999999999978,34.55999999999999
28.180000000000007,26.399999999999974,19.88,41.80000000000001,5.460000000000002,36.600000000000044,34.55999999999999,38.76,26.799999999999972,35.88000000000001
23.220000000000013,28.399999999999967,23.75999999999998,41.28,8.580000000000002,34.80000000000005,32.39999999999999,36.480000000000025,28.98000000000005,32.75999999999999
27.400000000000002,28.799999999999965,22.800000000000033,41.340000000000046,10.800000000000002,34.80000000000005,29.639999999999986,35.840000000000025,27.999999999999968,33.50000000000001
25.920000000000005,27.59999999999997,24.819999999999993,39.00000000000004,8.220000000000002,35.96000000000002,32.23999999999999,35.200000000000024,29.920000000000034,34.55999999999999
27.95999999999999,23.179999999999996,25.159999999999993,40.79999999999999,9.540000000000003,37.820000000000014,31.680000000000025,32.64000000000002,26.219999999999988,30.360000000000042
24.84,26.04000000000004,24.320000000000014,41.340000000000046,11.74,34.80000000000005,31.199999999999985,38.08,26.979999999999986,31.199999999999985
28.820000000000032,26.399999999999974,27.999999999999968,42.14,14.160000000000007,35.380000000000045,32.00000000000001,31.360000000000024,27.739999999999984,33.00000000000001
25.660000000000004,25.07999999999999,20.100000000000026,39.99999999999999,4.800000000000002,37.20000000000002,31.719999999999985,36.72,29.599999999999962,34.84
20.94000000000002,27.999999999999968,29.480000000000032,40.320000000000036,7.320000000000004,36.04,34.01999999999999,33.66000000000002,28.399999999999967,31.000000000000004
32.80000000000004,26.219999999999988,22.720000000000013,40.18000000000002,5.58,37.12000000000004,33.8,37.4,27.59999999999997,33.47999999999999
23.600000000000012,28.799999999999965,21.00000000000003,42.90000000000005,6.12,37.80000000000005,34.84,37.4,29.599999999999962,33.8
27.319999999999986,26.799999999999972,25.159999999999993,40.560000000000045,5.579999999999999,36.600000000000044,34.719999999999985,39.900000000000034,27.59999999999997,34.32
24.300000000000004,25.599999999999977,25.559999999999977,41.00000000000002,7.48,38.40000000000005,34.55999999999999,30.720000000000024,28.98000000000005,34.32
26.800000000000015,27.720000000000045,23.799999999999994,40.18000000000002,9.660000000000005,35.200000000000024,33.47999999999999,34.32000000000002,26.399999999999974,33.00000000000001
25.00000000000004,27.999999999999968,23.459999999999994,40.280000000000015,13.320000000000002,36.600000000000044,32.39999999999999,35.70000000000002,28.140000000000047,34.55999999999999
30.40000000000003,29.199999999999964,25.159999999999993,42.14,18.960000000000004,35.380000000000045,24.96000000000002,37.4,27.19999999999997,33.00000000000001
28.800000000000033,28.399999999999967,20.44,41.82000000000002,8.64,37.820000000000014,28.98000000000004,37.62000000000004,28.799999999999965,33.279999999999994
20.640000000000015,28.399999999999967,24.000000000000014,39.36000000000002,21.759999999999998,37.70000000000004,32.00000000000001,34.980000000000025,27.59999999999997,33.8
28.260000000000044,26.399999999999974,24.83999999999998,39.48000000000003,19.640000000000008,35.40000000000004,27.000000000000004,33.000000000000014,28.799999999999965,34.55999999999999
27.020000000000024,27.59999999999997,22.720000000000013,37.6,11.48,36.600000000000044,22.560000000000016,34.0,28.56000000000005,31.359999999999975
8.960000000000004,27.19999999999997,27.999999999999968,40.560000000000045,7.159999999999999,36.58000000000002,33.59999999999998,34.32000000000002,27.720000000000045,34.84
26.760000000000034,28.399999999999967,24.83999999999998,40.560000000000045,19.900000000000006,37.20000000000002,31.500000000000004,38.50000000000003,28.98000000000005,35.09999999999999
27.82000000000003,25.45999999999999,25.159999999999993,34.96000000000003,5.500000000000002,36.600000000000044,29.90000000000004,39.44,27.999999999999968,34.84
29.180000000000028,27.359999999999985,24.479999999999993,41.340000000000046,6.460000000000002,34.20000000000004,32.23999999999999,34.32000000000002,27.999999999999968,29.760000000000023
26.340000000000014,26.599999999999987,17.91999999999999,42.56000000000001,25.980000000000032,37.12000000000004,27.140000000000036,35.64000000000003,29.400000000000052,35.83999999999999
19.200000000000006,27.999999999999968,26.999999999999975,40.18000000000002,5.02,36.600000000000044,29.280000000000022,37.800000000000026,26.88000000000004,34.00000000000001
27.340000000000018,26.799999999999972,26.639999999999976,40.18000000000002,27.000000000000036,33.48000000000003,28.52000000000004,37.800000000000026,26.88000000000004,32.75999999999999
26.56000000000001,27.59999999999997,30.800000000000036,42.399999999999984,5.500000000000002,34.80000000000004,27.500000000000004,37.24000000000002,29.199999999999964,32.64000000000002
27.000000000000018,25.200000000000035,23.360000000000014,39.99999999999999,30.0,36.58000000000002,29.760000000000023,37.740000000000066,26.799999999999972,35.09999999999999
28.120000000000015,29.400000000000052,24.139999999999993,42.12000000000005,11.480000000000006,37.820000000000014,33.47999999999999,36.40000000000002,31.240000000000038,32.75999999999999
16.50000000000001,28.98000000000005,25.559999999999977,42.12000000000005,9.040000000000003,38.280000000000044,30.820000000000043,39.20000000000003,29.400000000000052,36.179999999999986
19.720000000000017,27.59999999999997,26.999999999999975,43.46000000000002,0.0,36.54000000000004,34.32,38.94000000000005,28.98000000000005,33.50000000000001
23.400000000000006,24.699999999999992,23.459999999999994,41.59999999999999,37.800000000000026,36.480000000000025,31.000000000000004,35.70000000000002,29.04000000000003,33.47999999999999
29.160000000000043,27.359999999999985,25.199999999999978,43.68000000000005,18.780000000000005,36.54000000000004,31.199999999999985,39.44,28.98000000000005,34.84
25.220000000000013,27.999999999999968,24.139999999999993,41.59999999999999,23.22000000000001,38.76,31.719999999999985,36.40000000000002,29.820000000000054,33.279999999999994
23.700000000000017,27.739999999999984,25.83999999999999,40.79999999999999,32.40000000000005,37.120000000000026,31.000000000000004,38.50000000000003,29.820000000000054,33.8
26.62,27.19999999999997,25.07999999999999,42.12000000000005,34.200000000000045,39.68000000000003,32.23999999999999,37.10000000000002,29.920000000000034,34.00000000000001
28.700000000000003,25.999999999999975,26.219999999999988,42.840000000000046,31.980000000000015,36.00000000000004,35.639999999999986,38.87999999999998,29.920000000000034,35.83999999999999
27.400000000000034,28.399999999999967,24.11999999999998,42.12000000000005,31.980000000000036,35.96000000000004,32.00000000000001,35.27999999999999,28.60000000000003,34.15999999999998
28.360000000000028,29.199999999999964,24.11999999999998,41.16000000000004,38.70000000000004,37.80000000000005,30.23999999999999,37.800000000000026,31.240000000000038,33.8
24.30000000000002,27.59999999999997,23.939999999999994,42.399999999999984,32.40000000000005,37.62000000000004,31.500000000000004,35.52000000000006,28.140000000000047,34.01999999999999
15.080000000000004,27.59999999999997,23.459999999999994,41.59999999999999,35.2,37.760000000000026,31.200000000000024,38.48000000000007,28.56000000000005,34.01999999999999
23.84000000000003,25.599999999999977,24.11999999999998,43.19999999999998,32.68000000000001,37.200000000000045,33.279999999999994,35.70000000000002,28.98000000000005,36.179999999999986
29.580000000000023,29.400000000000052,23.680000000000014,39.99999999999999,39.56,36.600000000000044,32.39999999999999,37.43999999999998,31.08000000000006,31.200000000000024
27.76000000000004,30.240000000000055,27.300000000000043,43.32000000000001,32.80000000000002,34.20000000000004,34.01999999999999,35.70000000000002,29.480000000000032,37.80000000000005
25.700000000000014,27.999999999999968,31.68000000000004,41.00000000000002,31.160000000000014,36.58000000000002,30.000000000000004,37.10000000000002,29.820000000000054,33.8
27.48,30.660000000000057,22.439999999999994,40.79999999999999,34.40000000000001,36.58000000000002,31.500000000000004,38.76000000000002,30.800000000000036,35.36000000000001
25.560000000000016,28.98000000000005,20.16000000000001,42.399999999999984,37.72000000000002,35.96000000000002,30.679999999999986,36.719999999999985,28.60000000000003,35.96000000000004
28.440000000000033,26.799999999999972,24.11999999999998,41.59999999999999,35.20000000000001,35.40000000000004,25.92000000000002,32.2,28.60000000000003,34.55999999999999
26.100000000000016,25.83999999999999,25.83999999999999,39.00000000000004,36.800000000000004,37.200000000000045,32.93999999999999,35.999999999999986,28.140000000000047,32.50000000000001
26.520000000000028,29.500000000000004,25.839999999999993,40.560000000000045,32.80000000000002,37.820000000000014,26.680000000000035,33.60000000000001,29.820000000000054,33.279999999999994
26.640000000000015,27.19999999999997,23.799999999999994,39.22000000000007,32.760000000000005,35.340000000000025,32.160000000000025,30.8,28.56000000000005,36.179999999999986
27.040000000000017,28.56000000000005,24.819999999999993,37.24000000000002,31.200000000000024,38.87999999999998,32.50000000000001,36.26000000000006,30.360000000000035,33.00000000000001
26.100000000000023,26.799999999999972,25.620000000000037,39.780000000000044,34.20000000000003,37.10000000000002,31.500000000000004,36.719999999999985,30.820000000000043,34.55999999999999
29.06000000000005,27.300000000000043,28.140000000000047,42.840000000000046,26.88000000000002,36.58000000000002,23.92000000000003,31.5,30.360000000000035,32.75999999999999
24.600000000000012,27.999999999999968,26.599999999999987,39.99999999999999,31.080000000000048,38.280000000000044,27.600000000000037,38.00000000000002,31.240000000000038,34.32
24.680000000000028,30.800000000000036,24.47999999999998,40.280000000000015,36.980000000000004,34.560000000000024,29.760000000000023,29.400000000000002,29.04000000000003,39.04000000000003
29.8,24.319999999999993,29.04000000000003,42.399999999999984,33.300000000000054,38.50000000000003,30.720000000000024,35.27999999999999,30.800000000000036,33.00000000000001
23.8,30.240000000000055,26.219999999999988,41.00000000000002,33.300000000000054,37.62000000000004,33.00000000000001,32.39999999999999,31.240000000000038,36.39999999999999
28.00000000000002,29.820000000000054,29.480000000000032,41.00000000000002,15.999999999999996,35.340000000000025,30.500000000000004,30.1,29.920000000000034,35.96000000000004
22.48000000000003,29.820000000000054,27.999999999999968,37.6,22.04,35.96000000000002,30.240000000000023,33.11999999999999,29.480000000000032,33.279999999999994
29.520000000000014,26.399999999999974,29.400000000000052,41.04000000000001,26.04000000000003,34.980000000000025,25.92000000000002,35.52000000000006,29.920000000000034,34.32
25.200000000000006,28.399999999999967,23.680000000000014,42.56000000000001,22.959999999999994,37.760000000000026,33.64000000000005,32.39999999999999,31.240000000000038,34.01999999999999
29.640000000000033,25.45999999999999,26.399999999999974,40.280000000000015,20.72,37.43999999999998,27.36000000000002,36.26000000000006,28.56000000000005,35.83999999999999
24.120000000000008,29.04000000000003,23.520000000000028,42.12000000000005,22.120000000000005,36.960000000000036,32.23999999999999,25.200000000000006,29.400000000000052,34.32
27.060000000000013,26.799999999999972,25.83999999999999,41.00000000000002,22.959999999999994,34.72000000000003,28.500000000000004,28.799999999999994,30.800000000000036,34.32
36.08000000000002,26.46000000000004,29.44000000000004,38.00000000000002,20.900000000000006,34.560000000000024,30.500000000000004,37.6,29.920000000000034,35.09999999999999
30.400000000000023,28.399999999999967,27.140000000000036,40.560000000000045,17.10000000000001,37.120000000000026,33.000000000000036,28.799999999999994,30.360000000000042,34.32
31.980000000000036,24.699999999999992,25.199999999999978,42.399999999999984,22.139999999999993,37.200000000000045,33.59999999999998,35.72000000000003,29.920000000000034,33.50000000000001
21.00000000000001,30.660000000000057,20.739999999999995,38.22000000000004,17.440000000000015,33.92000000000002,30.000000000000004,32.56000000000005,29.04000000000003,33.00000000000001
32.39999999999999,27.59999999999997,22.679999999999982,39.99999999999999,20.299999999999997,37.62000000000004,23.500000000000004,38.00000000000002,29.90000000000004,34.32
42.0,30.360000000000042,25.919999999999977,39.780000000000044,16.160000000000007,36.960000000000036,33.03999999999998,32.56000000000005,30.360000000000035,35.639999999999986
30.40000000000003,27.59999999999997,27.140000000000036,39.99999999999999,20.68,38.40000000000003,30.720000000000024,31.82000000000005,29.04000000000003,34.00000000000001
39.48000000000003,27.59999999999997,27.300000000000043,42.90000000000005,20.94000000000002,36.58000000000002,29.639999999999986,31.82000000000005,28.60000000000003,34.84
30.8,30.360000000000035,31.200000000000024,38.87999999999998,14.459999999999996,34.560000000000024,27.84000000000002,30.359999999999996,31.240000000000038,32.75999999999999
31.980000000000036,30.660000000000057,31.200000000000024,37.24000000000002,21.58000000000002,38.94000000000005,31.199999999999985,32.680000000000035,30.360000000000035,35.639999999999986
28.079999999999995,31.680000000000025,26.799999999999972,41.80000000000001,14.740000000000006,37.760000000000026,22.879999999999992,32.680000000000035,31.280000000000044,35.83999999999999
38.54000000000002,29.44000000000004,27.300000000000043,38.48000000000007,11.840000000000005,35.840000000000025,23.000000000000004,28.860000000000042,30.800000000000036,33.8
41.16000000000005,32.39999999999999,30.799999999999976,42.12000000000005,15.9,34.980000000000025,18.000000000000004,35.88000000000004,29.04000000000003,33.8
37.84,27.999999999999968,27.999999999999982,40.280000000000015,20.080000000000002,38.280000000000044,27.000000000000004,28.12000000000004,30.360000000000042,35.09999999999999
35.52000000000006,29.90000000000004,27.300000000000043,41.340000000000046,16.999999999999993,35.840000000000025,34.55999999999999,35.10000000000004,29.90000000000004,34.32
39.200000000000045,29.820000000000054,28.079999999999988,42.12000000000005,16.960000000000008,37.120000000000026,32.75999999999999,31.920000000000034,32.200000000000045,35.639999999999986
25.2,27.999999999999968,24.3,40.280000000000015,21.59999999999999,36.960000000000036,21.160000000000025,34.20000000000003,28.16000000000003,35.83999999999999
31.160000000000032,28.399999999999967,26.04000000000004,39.99999999999999,12.460000000000006,38.94000000000005,29.500000000000004,30.40000000000003,31.240000000000038,35.27999999999999
35.10000000000004,29.400000000000052,30.679999999999986,41.340000000000046,16.720000000000002,36.480000000000025,25.000000000000004,26.060000000000034,29.480000000000032,35.09999999999999
31.959999999999997,28.98000000000005,3.720000000000001,41.440000000000076,23.100000000000023,38.76,33.03999999999998,29.64000000000003,30.360000000000035,30.679999999999986
34.96000000000003,28.140000000000047,28.060000000000038,39.22000000000007,18.719999999999995,37.62000000000004,25.500000000000004,31.980000000000036,27.720000000000045,34.55999999999999
39.36000000000002,27.720000000000045,26.100000000000037,42.12000000000005,15.48000000000001,36.58000000000002,28.599999999999987,31.980000000000036,28.60000000000003,32.23999999999999
36.00000000000001,29.04000000000003,31.85999999999999,39.96000000000007,26.04000000000003,39.04000000000003,33.47999999999999,35.10000000000004,29.480000000000032,34.55999999999999
38.87999999999998,29.199999999999964,27.720000000000027,42.399999999999984,16.279999999999998,37.820000000000014,31.000000000000004,31.200000000000035,32.200000000000045,34.00000000000001
31.67999999999999,28.16000000000003,30.799999999999976,40.560000000000045,23.380000000000024,33.66000000000002,26.88000000000002,27.360000000000024,29.90000000000004,34.32
33.83999999999999,23.939999999999994,4.320000000000001,41.440000000000076,18.060000000000006,39.60000000000005,32.479999999999976,29.16000000000003,29.480000000000032,34.50000000000001
38.54000000000002,29.820000000000054,19.52000000000001,38.76000000000002,23.520000000000017,37.20000000000002,27.36000000000002,28.680000000000028,30.360000000000042,35.09999999999999
31.82000000000005,33.12000000000002,25.44000000000002,40.280000000000015,15.440000000000008,36.30000000000003,25.300000000000033,26.600000000000023,28.98000000000005,34.22000000000005
36.26000000000006,28.140000000000047,29.000000000000004,40.280000000000015,11.640000000000002,38.94000000000005,22.080000000000016,32.00000000000002,29.920000000000034,34.719999999999985
37.6,26.799999999999972,34.80000000000005,41.440000000000076,16.46000000000001,38.280000000000044,30.799999999999976,31.360000000000035,32.200000000000045,37.200000000000045
38.4,29.480000000000032,32.23999999999999,41.440000000000076,19.46,38.76,28.52000000000004,34.40000000000001,28.98000000000004,36.959999999999994
24.960000000000026,28.98000000000005,29.000000000000004,39.00000000000004,16.40000000000001,33.28000000000002,33.06000000000005,29.640000000000033,30.820000000000043,32.93999999999999
39.00000000000004,28.98000000000004,28.800000000000022,39.96000000000007,19.44000000000002,38.280000000000044,31.85999999999999,35.20000000000001,30.720000000000024,36.39999999999999
31.980000000000036,30.800000000000036,32.39999999999999,40.280000000000015,27.000000000000025,35.64000000000003,28.619999999999994,28.04000000000003,29.480000000000032,31.680000000000025
31.200000000000035,28.98000000000005,28.55999999999998,39.00000000000004,22.620000000000026,36.58000000000002,32.479999999999976,28.960000000000008,30.820000000000043,33.47999999999999
31.980000000000036,25.999999999999975,29.280000000000022,39.00000000000004,14.900000000000013,36.58000000000002,31.680000000000025,32.82000000000004,30.800000000000036,34.55999999999999
34.44000000000001,26.399999999999974,32.23999999999999,43.68000000000005,20.30000000000001,37.62000000000004,28.800000000000022,32.36000000000001,29.920000000000034,39.04000000000003
35.52000000000006,32.160000000000025,31.85999999999999,41.440000000000076,24.80000000000003,36.480000000000025,32.23999999999999,31.7,30.360000000000035,34.55999999999999
32.680000000000035,28.399999999999967,30.500000000000004,41.04000000000001,29.519999999999992,36.960000000000036,26.220000000000034,27.900000000000034,30.820000000000043,35.09999999999999
35.70000000000002,28.140000000000047,34.22000000000005,41.04000000000001,29.600000000000023,35.840000000000025,30.23999999999999,29.46000000000002,30.360000000000042,35.639999999999986
36.26000000000006,32.64000000000002,28.16000000000003,40.700000000000074,28.799999999999994,37.820000000000014,33.64000000000005,31.84,32.200000000000045,31.680000000000025
37.44000000000004,27.19999999999997,29.44000000000004,39.96000000000007,25.84000000000002,37.120000000000026,35.09999999999999,30.439999999999994,29.480000000000032,32.400000000000034
32.39999999999999,27.720000000000045,25.999999999999975,42.840000000000046,28.38000000000001,33.000000000000014,24.840000000000032,28.260000000000026,30.820000000000043,34.719999999999985
36.66000000000004,30.000000000000004,32.480000000000054,39.52000000000002,29.600000000000044,34.980000000000025,33.03999999999998,28.680000000000028,29.04000000000003,34.01999999999999
33.44000000000003,27.19999999999997,30.720000000000024,39.99999999999999,18.900000000000013,39.20000000000003,33.59999999999998,24.28,31.240000000000038,33.8
34.96000000000003,28.56000000000005,28.60000000000003,37.44000000000004,12.880000000000008,37.760000000000026,37.120000000000026,30.740000000000006,31.740000000000045,36.179999999999986
35.88000000000004,29.820000000000054,26.400000000000023,42.12000000000005,23.040000000000003,37.120000000000026,31.359999999999975,26.560000000000006,27.720000000000027,33.47999999999999
35.10000000000004,27.720000000000027,27.84000000000002,41.80000000000001,26.640000000000036,36.58000000000002,33.47999999999999,25.22000000000002,31.200000000000024,34.01999999999999
34.040000000000056,29.760000000000023,23.939999999999994,39.52000000000002,29.519999999999992,39.44,33.06000000000005,35.20000000000001,29.44000000000004,32.93999999999999
41.00000000000002,27.999999999999968,23.94000000000003,39.52000000000002,29.519999999999992,39.60000000000005,30.159999999999986,28.00000000000003,28.52000000000004,33.47999999999999
37.6,32.200000000000045,21.000000000000018,39.96000000000007,28.800000000000022,39.68000000000003,31.31999999999999,34.320000000000036,29.44000000000004,35.96000000000004
32.2,25.07999999999999,24.200000000000017,40.700000000000074,28.12000000000004,37.20000000000002,33.279999999999994,26.520000000000028,30.820000000000043,35.96000000000004
29.519999999999992,31.240000000000038,25.960000000000022,37.24000000000002,32.76000000000003,39.04000000000003,31.31999999999999,35.20000000000001,30.360000000000042,37.80000000000005
35.10000000000004,30.820000000000043,22.799999999999986,39.22000000000007,31.200000000000024,38.40000000000003,35.64000000000003,32.80000000000002,32.50000000000001,36.600000000000044
33.11999999999999,15.119999999999992,29.44000000000004,38.00000000000002,13.860000000000005,37.120000000000026,30.500000000000004,29.600000000000023,33.600000000000016,34.01999999999999
31.980000000000036,28.98000000000005,27.36000000000002,41.340000000000046,30.340000000000046,39.20000000000003,34.80000000000005,36.800000000000004,31.200000000000024,35.09999999999999
30.340000000000046,29.500000000000004,26.46000000000004,41.80000000000001,31.82000000000005,32.860000000000035,28.079999999999995,35.88000000000004,29.480000000000032,34.55999999999999
29.600000000000023,24.79999999999998,24.11999999999998,42.14,21.080000000000023,37.120000000000026,31.31999999999999,42.64000000000002,31.280000000000044,33.47999999999999
36.66000000000004,29.920000000000034,26.399999999999974,41.440000000000076,35.20000000000001,35.96000000000002,33.59999999999998,32.80000000000002,29.44000000000004,34.01999999999999
32.56000000000005,27.59999999999997,22.880000000000013,38.48000000000007,26.52,37.120000000000026,31.199999999999985,39.199999999999996,31.740000000000045,31.680000000000025
37.72000000000002,28.98000000000005,24.699999999999992,39.52000000000002,26.52,36.600000000000044,33.59999999999998,36.800000000000004,29.920000000000034,35.83999999999999
33.60000000000001,32.50000000000001,29.04000000000003,39.22000000000007,23.800000000000008,35.840000000000025,36.58000000000002,37.84,28.98000000000004,32.479999999999976
35.10000000000004,29.400000000000052,27.720000000000027,41.04000000000001,26.520000000000028,33.32,34.80000000000005,37.6,30.720000000000024,36.54000000000004
37.6,28.140000000000047,25.07999999999999,38.15999999999998,35.10000000000004,38.44000000000001,35.40000000000004,35.20000000000001,30.800000000000036,33.279999999999994
36.800000000000004,29.44000000000004,23.520000000000028,39.59999999999998,28.880000000000027,37.760000000000026,34.10000000000003,36.12000000000002,30.800000000000036,34.55999999999999
35.20000000000001,33.00000000000001,25.999999999999975,39.52000000000002,28.08000000000003,35.96000000000002,31.85999999999999,39.36000000000002,31.280000000000044,34.80000000000004
21.70000000000001,31.500000000000004,26.04000000000004,40.31999999999998,26.660000000000007,37.820000000000014,31.31999999999999,29.520000000000014,28.60000000000003,37.20000000000002
41.28,32.160000000000025,23.179999999999996,37.740000000000066,36.66000000000004,36.00000000000004,29.67999999999998,41.16000000000004,29.04000000000003,31.85999999999999
37.800000000000026,30.800000000000036,25.200000000000035,42.18000000000008,30.23999999999999,34.80000000000004,34.22000000000005,39.99999999999999,31.280000000000044,35.96000000000002
34.320000000000036,31.740000000000045,25.599999999999977,41.00000000000002,33.60000000000001,33.92000000000002,32.39999999999999,40.42,29.920000000000034,37.80000000000005
28.860000000000042,32.75999999999999,30.159999999999986,40.700000000000074,36.800000000000004,37.120000000000026,34.80000000000005,37.72000000000002,32.660000000000046,35.83999999999999
34.040000000000056,29.400000000000052,24.36000000000003,39.96000000000007,28.000000000000004,37.20000000000002,31.900000000000055,39.36000000000002,29.920000000000034,35.96000000000004
39.48000000000003,31.919999999999973,24.699999999999992,37.800000000000026,25.900000000000006,36.58000000000002,34.719999999999985,36.90000000000004,28.98000000000004,37.820000000000014
29.400000000000002,30.820000000000043,28.98000000000004,39.96000000000007,34.040000000000056,33.92000000000002,24.43999999999999,39.56,31.740000000000045,35.96000000000004
28.12000000000004,31.680000000000025,26.840000000000025,38.76000000000002,34.44000000000002,34.20000000000004,33.279999999999994,37.800000000000026,29.90000000000004,38.40000000000005
25.919999999999998,30.360000000000035,26.88000000000004,40.700000000000074,33.600000000000016,37.820000000000014,35.40000000000004,40.42,29.90000000000004,34.719999999999985
34.320000000000036,27.720000000000045,23.94000000000003,41.80000000000001,34.040000000000056,37.820000000000014,27.539999999999996,39.56,28.98000000000004,36.179999999999986
31.080000000000048,30.800000000000036,28.16000000000003,40.280000000000015,33.44000000000003,36.00000000000004,35.09999999999999,41.400000000000034,30.360000000000042,34.55999999999999
35.10000000000004,31.680000000000025,25.300000000000033,41.440000000000076,31.82000000000005,38.280000000000044,33.000000000000036,36.080000000000005,31.280000000000044,36.54000000000004
32.00000000000002,29.44000000000004,29.699999999999992,43.32000000000001,18.500000000000014,36.600000000000044,23.000000000000004,38.7,31.200000000000024,36.00000000000004
30.400000000000023,28.98000000000005,30.720000000000024,38.48000000000007,33.300000000000054,37.80000000000005,34.15999999999998,34.200000000000045,31.280000000000044,34.55999999999999
34.44000000000002,27.300000000000043,27.720000000000027,34.55999999999999,28.12000000000004,36.600000000000044,35.27999999999999,25.800000000000008,30.360000000000042,35.27999999999999
37.6,30.820000000000043,26.400000000000023,37.740000000000066,30.95999999999999,37.120000000000026,27.559999999999988,30.960000000000004,30.820000000000043,37.200000000000045
35.10000000000004,32.00000000000001,19.999999999999996,41.80000000000001,33.11999999999999,36.00000000000004,30.799999999999976,31.679999999999996,29.280000000000022,32.39999999999999
37.6,29.920000000000034,25.199999999999978,39.96000000000007,35.000000000000014,36.58000000000002,35.96000000000002,30.100000000000005,32.660000000000046,36.54000000000004
35.20000000000001,28.060000000000038,28.56000000000005,39.96000000000007,32.39999999999999,39.68000000000003,32.479999999999976,32.68000000000001,30.800000000000036,37.12000000000004
28.079999999999995,27.600000000000037,23.75999999999998,41.75999999999998,36.90000000000002,37.200000000000045,10.800000000000006,38.54000000000002,31.200000000000024,35.83999999999999
28.120000000000026,28.140000000000047,24.36000000000003,35.72000000000003,29.919999999999998,35.340000000000025,26.000000000000004,36.96000000000001,28.800000000000022,35.380000000000045
31.200000000000035,32.64000000000002,29.500000000000004,41.04000000000001,28.880000000000027,31.62000000000004,34.719999999999985,38.70000000000004,30.820000000000043,31.919999999999973
30.40000000000003,30.820000000000043,23.520000000000028,38.76000000000002,33.62000000000002,37.820000000000014,24.43999999999999,37.84,33.12000000000002,39.60000000000005
32.00000000000002,30.500000000000004,24.39999999999998,38.15999999999998,22.44,35.64000000000003,27.539999999999996,24.780000000000012,30.820000000000043,35.40000000000004
33.600000000000016,29.400000000000052,32.160000000000025,38.48000000000007,30.8,37.820000000000014,33.47999999999999,41.400000000000034,32.160000000000025,37.20000000000002
36.980000000000004,30.500000000000004,29.04000000000003,39.780000000000044,7.680000000000004,38.44000000000001,21.319999999999993,37.80000000000004,29.480000000000032,38.44000000000001
32.68000000000001,29.760000000000023,22.319999999999983,39.96000000000007,27.2,37.200000000000045,23.39999999999999,41.36000000000002,31.740000000000045,35.96000000000004
35.88000000000004,31.200000000000024,27.720000000000045,40.31999999999998,33.300000000000054,37.80000000000005,33.59999999999998,38.64000000000004,32.660000000000046,38.40000000000005
31.200000000000035,29.04000000000003,24.96000000000002,41.03999999999998,33.540000000000035,37.20000000000002,32.479999999999976,41.36000000000002,30.820000000000043,35.96000000000002
29.600000000000023,31.680000000000025,26.799999999999972,39.96000000000007,30.23999999999999,39.60000000000005,27.559999999999988,26.100000000000033,31.280000000000044,35.27999999999999
36.90000000000002,29.44000000000004,31.31999999999999,40.280000000000015,35.10000000000004,36.600000000000044,35.27999999999999,35.28000000000003,33.8,36.600000000000044
32.80000000000002,31.200000000000024,25.07999999999999,40.280000000000015,35.88000000000004,37.20000000000002,30.799999999999976,26.000000000000007,32.64000000000002,36.480000000000025
34.40000000000001,32.50000000000001,25.44000000000002,39.36000000000002,31.920000000000034,36.30000000000003,30.23999999999999,30.100000000000005,30.360000000000042,37.120000000000026
34.320000000000036,33.00000000000001,29.480000000000032,39.96000000000007,30.340000000000046,36.600000000000044,29.159999999999993,41.400000000000034,30.360000000000042,36.600000000000044
36.800000000000004,33.47999999999999,28.800000000000022,41.03999999999998,37.72000000000002,36.58000000000002,31.199999999999985,36.80000000000004,30.820000000000043,36.39999999999999
24.360000000000003,28.16000000000003,29.500000000000004,35.72000000000003,34.44000000000002,34.72000000000003,32.24000000000004,40.48000000000005,29.44000000000004,35.380000000000045
36.08000000000002,29.920000000000034,28.060000000000038,41.80000000000001,25.2,37.120000000000026,35.380000000000045,39.60000000000004,32.660000000000046,38.08
40.320000000000036,28.60000000000003,29.000000000000004,38.76000000000002,31.920000000000034,37.120000000000026,32.480000000000054,36.80000000000004,32.160000000000025,35.380000000000045
31.200000000000035,32.75999999999999,25.620000000000037,39.36000000000002,33.540000000000035,33.64000000000005,33.64000000000005,41.40000000000005,32.200000000000045,37.760000000000026
34.44000000000002,34.01999999999999,22.419999999999998,39.59999999999998,30.23999999999999,36.58000000000002,31.199999999999985,36.00000000000004,30.820000000000043,36.00000000000004
41.59999999999999,32.50000000000001,26.399999999999974,41.80000000000001,30.340000000000046,35.96000000000002,36.40000000000002,40.500000000000036,31.680000000000025,35.83999999999999
34.40000000000001,32.64000000000002,21.84000000000002,41.04000000000001,36.08000000000002,35.96000000000002,27.03999999999999,35.72000000000003,28.98000000000004,34.55999999999999
40.18000000000002,30.820000000000043,26.840000000000025,38.4,29.70000000000001,37.20000000000002,30.74000000000005,38.70000000000004,29.90000000000004,34.80000000000005
42.840000000000046,31.500000000000004,27.720000000000027,40.560000000000045,36.00000000000001,36.00000000000004,31.359999999999975,40.500000000000036,29.44000000000004,34.719999999999985
40.320000000000036,29.44000000000004,25.45999999999999,40.560000000000045,34.96000000000003,37.760000000000026,33.000000000000036,40.420000000000016,32.160000000000025,39.04000000000003
36.08000000000002,33.06000000000005,28.500000000000004,37.000000000000064,34.20000000000003,34.72000000000003,36.72,35.72000000000003,31.200000000000024,34.10000000000003
32.760000000000005,33.47999999999999,28.079999999999988,39.96000000000007,38.54000000000002,37.200000000000045,33.92000000000002,40.48000000000002,32.50000000000001,36.480000000000025
27.600000000000026,34.15999999999998,24.39999999999998,42.12000000000005,32.2,34.72000000000003,30.159999999999986,35.72000000000003,30.820000000000043,37.820000000000014
32.76000000000003,31.200000000000024,26.680000000000035,41.440000000000076,34.96000000000003,36.480000000000025,27.26000000000004,42.32000000000005,32.160000000000025,36.960000000000036
43.120000000000026,37.820000000000014,23.320000000000014,39.22000000000007,36.08000000000002,35.40000000000004,37.120000000000026,36.00000000000004,32.160000000000025,34.68
40.48000000000002,32.64000000000002,25.44000000000002,39.96000000000007,34.20000000000003,36.600000000000044,33.60000000000004,38.64000000000004,31.200000000000024,34.80000000000004
35.10000000000004,31.200000000000024,21.99999999999999,39.96000000000007,31.82000000000005,36.600000000000044,29.159999999999993,34.040000000000035,29.04000000000003,40.260000000000055
40.500000000000036,29.760000000000023,25.760000000000034,38.15999999999998,32.2,36.00000000000004,35.380000000000045,37.60000000000002,31.280000000000044,37.200000000000045
35.26000000000002,33.00000000000001,25.08000000000002,40.79999999999999,34.78000000000006,36.00000000000004,33.03999999999998,34.200000000000045,30.240000000000023,36.58000000000002
28.86000000000003,29.480000000000032,24.36000000000003,37.43999999999998,34.40000000000001,36.480000000000025,28.619999999999994,40.48000000000005,29.44000000000004,37.120000000000026
33.60000000000002,30.500000000000004,24.11999999999998,43.68000000000005,38.76000000000002,36.00000000000004,32.23999999999999,41.16000000000005,31.680000000000025,39.06000000000001
43.0,29.44000000000004,28.500000000000004,40.700000000000074,28.700000000000003,36.58000000000002,34.560000000000024,41.40000000000005,33.12000000000002,35.96000000000004
36.980000000000004,32.160000000000025,27.300000000000043,40.280000000000015,28.799999999999994,36.600000000000044,30.000000000000004,41.28000000000003,31.280000000000044,38.40000000000003
41.400000000000034,27.539999999999996,23.320000000000014,36.90000000000002,36.08000000000002,37.820000000000014,31.800000000000036,34.560000000000024,29.90000000000004,38.280000000000044
41.16000000000004,29.90000000000004,19.760000000000005,41.03999999999998,35.70000000000002,35.340000000000025,35.200000000000024,43.20000000000003,31.680000000000025,37.760000000000026
37.72000000000002,32.160000000000025,24.36000000000003,42.12000000000005,34.96000000000003,34.10000000000003,21.080000000000023,39.560000000000045,30.240000000000023,40.12
23.400000000000023,32.64000000000002,25.300000000000033,40.700000000000074,31.279999999999998,35.96000000000002,34.80000000000005,35.88000000000004,31.680000000000025,36.58000000000002
33.62000000000002,32.160000000000025,28.060000000000038,39.22000000000007,37.000000000000064,35.40000000000004,35.340000000000025,37.60000000000002,31.680000000000025,37.800000000000026
31.200000000000035,33.47999999999999,25.199999999999978,42.12000000000005,34.040000000000056,36.00000000000004,30.799999999999976,44.100000000000065,32.64000000000002,37.120000000000026
31.200000000000024,35.200000000000024,25.200000000000035,39.96000000000007,33.60000000000001,35.380000000000045,33.64000000000005,42.30000000000001,30.240000000000023,36.54000000000004
34.40000000000001,29.760000000000023,23.999999999999982,40.700000000000074,28.56,34.80000000000005,30.000000000000032,35.100000000000044,28.060000000000038,37.4
36.12000000000002,31.200000000000024,30.240000000000023,42.399999999999984,34.78000000000006,34.80000000000005,35.340000000000025,31.020000000000035,28.98000000000004,41.03999999999998
35.260000000000005,28.800000000000022,18.88000000000001,39.22000000000007,36.26000000000006,34.10000000000003,33.60000000000004,35.88000000000004,32.75999999999999,35.000000000000014
30.400000000000023,32.23999999999999,21.66,42.12000000000005,30.340000000000014,35.340000000000025,28.619999999999994,39.48000000000002,31.200000000000024,36.960000000000036
26.40000000000002,31.500000000000004,26.88000000000002,36.26000000000006,30.599999999999998,35.40000000000004,0.5200000000000001,0.0,30.240000000000023,38.76
